asta,lotto,puledro,padre,prezzo_eur,venduto,motivo_non_venduto,fonte
ITS Asta Selezionata Yearling Trottatori 2025,1,LA CHANCE BI,DONATO HANOVER,13000,si,,https://www.its-aste.com/aste/asta-selezionata-yearling-trottatori/
ITS Asta Selezionata Yearling Trottatori 2025,3,LUSH D'ARC,VIVID WISE AS,9000,no,ricomprato dal venditore,https://www.its-aste.com/aste/asta-selezionata-yearling-trottatori/
ITS Asta Selezionata Yearling Trottatori 2025,4,LAW DI GIRIGFALCO,VARENNE,10000,si,,https://www.its-aste.com/aste/asta-selezionata-yearling-trottatori/
ITS Asta Selezionata Yearling Trottatori 2025,5,LEONE GLAMOUR,MAHARAJAH,45000,si,,https://www.its-aste.com/aste/asta-selezionata-yearling-trottatori/
ITS Asta Selezionata Yearling Trottatori 2025,6,LUNAPOP EFFE,BOCCADOR DE SIMM,22000,si,,https://www.its-aste.com/aste/asta-selezionata-yearling-trottatori/
ITS Asta Selezionata Yearling Trottatori 2025,7,LAMPARD GRIF,VICTOR GIO,36000,si,,https://www.its-aste.com/aste/asta-selezionata-yearling-trottatori/
ITS Asta Selezionata Yearling Trottatori 2025,8,LINUS BIG LAKSMY,THE BANK,9000,no,ricomprato dal venditore,https://www.its-aste.com/aste/asta-selezionata-yearling-trottatori/
ITS Asta Selezionata Yearling Trottatori 2025,9,LARRY WISE L,BIRD PARKER,10000,no,ricomprato dal venditore,https://www.its-aste.com/aste/asta-selezionata-yearling-trottatori/
ITS Asta Selezionata Yearling Trottatori 2025,10,LIBRARY AS,EL IDEAL,16000,si,,https://www.its-aste.com/aste/asta-selezionata-yearling-trottatori/
ITS Asta Selezionata Yearling Trottatori 2025,11,LOUISIANA BI,INTERNATIONAL MONI,8000,si,,https://www.its-aste.com/aste/asta-selezionata-yearling-trottatori/
ITS Asta Selezionata Yearling Trottatori 2025,12,LUSSO JET,NUNCIO,10000,si,,https://www.its-aste.com/aste/asta-selezionata-yearling-trottatori/
ITS Asta Selezionata Yearling Trottatori 2025,13,LIBRE DI POGGIO,BIRD PARKER,30000,si,,https://www.its-aste.com/aste/asta-selezionata-yearling-trottatori/
ITS Asta Selezionata Yearling Trottatori 2025,14,LUNARIO,EL IDEAL,30000,si,,https://www.its-aste.com/aste/asta-selezionata-yearling-trottatori/
ITS Asta Selezionata Yearling Trottatori 2025,15,LOVER WISE AS,NUNCIO,25000,si,,https://www.its-aste.com/aste/asta-selezionata-yearling-trottatori/
ITS Asta Selezionata Yearling Trottatori 2025,16,LATIN LOVER GAR,ALRAJAH ONE,22000,si,,https://www.its-aste.com/aste/asta-selezionata-yearling-trottatori/
ITS Asta Selezionata Yearling Trottatori 2025,17,LUCIO BLUE GRIF,NAD AL SHEBA,27000,no,ricomprato dal venditore,https://www.its-aste.com/aste/asta-selezionata-yearling-trottatori/
ITS Asta Selezionata Yearling Trottatori 2025,19,LOUISIANA KB TREB,MAHARAJAH,10000,si,,https://www.its-aste.com/aste/asta-selezionata-yearling-trottatori/
ITS Asta Selezionata Yearling Trottatori 2025,20,LUDOVICA JET,MAHARAJAH,18000,si,,https://www.its-aste.com/aste/asta-selezionata-yearling-trottatori/
ITS Asta Selezionata Yearling Trottatori 2025,21,LOU LOU D'ARC,DON FANUCCI ZET,14000,si,,https://www.its-aste.com/aste/asta-selezionata-yearling-trottatori/
ITS Asta Selezionata Yearling Trottatori 2025,23,LILIBETH GRIF,MAHARAJAH,70000,si,,https://www.its-aste.com/aste/asta-selezionata-yearling-trottatori/
ITS Asta Selezionata Yearling Trottatori 2025,24,LISIPPA DEGLI DEI,INTERNATIONAL MONI,16000,si,,https://www.its-aste.com/aste/asta-selezionata-yearling-trottatori/
ITS Asta Selezionata Yearling Trottatori 2025,25,L'AS WISE AS,FABULOUS WOOD,15000,si,,https://www.its-aste.com/aste/asta-selezionata-yearling-trottatori/
ITS Asta Selezionata Yearling Trottatori 2025,26,LAST DANCE BI,INTERNATIONAL MONI,15000,no,ricomprato dal venditore,https://www.its-aste.com/aste/asta-selezionata-yearling-trottatori/
ITS Asta Selezionata Yearling Trottatori 2025,27,LUXOR LAKSMY,NAD AL SHEBA,25000,si,,https://www.its-aste.com/aste/asta-selezionata-yearling-trottatori/
ITS Asta Selezionata Yearling Trottatori 2025,28,LUXURY GIO,IDEAL DU POMMEAU,70000,no,ricomprato dal venditore,https://www.its-aste.com/aste/asta-selezionata-yearling-trottatori/
ITS Asta Selezionata Yearling Trottatori 2025,29,LOVE STORY GAR,GREENSHOE,35000,si,,https://www.its-aste.com/aste/asta-selezionata-yearling-trottatori/
ITS Asta Selezionata Yearling Trottatori 2025,30,LIGABUE JET,CALGARY GAMES,34000,si,,https://www.its-aste.com/aste/asta-selezionata-yearling-trottatori/
ITS Asta Selezionata Yearling Trottatori 2025,31,LOWELL DI POGGIO,INTERNATIONAL MONI,8000,si,,https://www.its-aste.com/aste/asta-selezionata-yearling-trottatori/
ITS Asta Selezionata Yearling Trottatori 2025,32,LUSSO GLAMOUR,MAHARAJAH,40000,si,,https://www.its-aste.com/aste/asta-selezionata-yearling-trottatori/
ITS Asta Selezionata Yearling Trottatori 2025,33,LUXIO,VERNISSAGE GRIF,31000,si,,https://www.its-aste.com/aste/asta-selezionata-yearling-trottatori/
ITS Asta Selezionata Yearling Trottatori 2025,34,LADY HAWK FONT,IDAO DE TILLARD,11000,si,,https://www.its-aste.com/aste/asta-selezionata-yearling-trottatori/
ITS Asta Selezionata Yearling Trottatori 2025,35,LOVELY WISE L,FATHER PATRICK,32000,si,,https://www.its-aste.com/aste/asta-selezionata-yearling-trottatori/
ITS Asta Selezionata Yearling Trottatori 2025,36,LINCE KILLER GAR,RINGOSTAR TREB,28000,si,,https://www.its-aste.com/aste/asta-selezionata-yearling-trottatori/
ITS Asta Selezionata Yearling Trottatori 2025,37,LORENZ AS,REBUFF,19000,si,,https://www.its-aste.com/aste/asta-selezionata-yearling-trottatori/
ITS Asta Selezionata Yearling Trottatori 2025,38,LET ME BI,REBUFF,12000,si,,https://www.its-aste.com/aste/asta-selezionata-yearling-trottatori/
ITS Asta Selezionata Yearling Trottatori 2025,39,LAP DI GIRIFALCO,NAD AL SHEBA,14000,si,,https://www.its-aste.com/aste/asta-selezionata-yearling-trottatori/
ITS Asta Selezionata Yearling Trottatori 2025,40,LADY BLUE ZANETTI,TACTICAL LANDING,35000,no,ricomprato dal venditore,https://www.its-aste.com/aste/asta-selezionata-yearling-trottatori/
ITS Asta Selezionata Yearling Trottatori 2025,41,LEMON FAS,NAD AL SHEBA,18000,no,ricomprato dal venditore,https://www.its-aste.com/aste/asta-selezionata-yearling-trottatori/
ITS Asta Selezionata Yearling Trottatori 2025,42,LIRA WISE AS,ALRAJAH ONE,20000,si,,https://www.its-aste.com/aste/asta-selezionata-yearling-trottatori/
ITS Asta Selezionata Yearling Trottatori 2025,44,LISBONA JET,WISHING STONE,12000,si,,https://www.its-aste.com/aste/asta-selezionata-yearling-trottatori/
ITS Asta Selezionata Yearling Trottatori 2025,45,LUCKY WIND,FATHER PATRICK,10000,si,,https://www.its-aste.com/aste/asta-selezionata-yearling-trottatori/
ITS Asta Selezionata Yearling Trottatori 2025,46,LIANOR J FIOR,VOL STEAD,7000,si,,https://www.its-aste.com/aste/asta-selezionata-yearling-trottatori/
ITS Asta Selezionata Yearling Trottatori 2025,47,LAUREEN DI POGGIO,BAR HOPPING,24000,si,,https://www.its-aste.com/aste/asta-selezionata-yearling-trottatori/
ITS Asta Selezionata Yearling Trottatori 2025,48,LION WINNER AM,EL IDEAL,16000,si,,https://www.its-aste.com/aste/asta-selezionata-yearling-trottatori/
ITS Asta Selezionata Yearling Trottatori 2025,49,LAERTE DEGLI DEI,EL IDEAL,30000,si,,https://www.its-aste.com/aste/asta-selezionata-yearling-trottatori/
ITS Asta Selezionata Yearling Trottatori 2025,50,LARISSA BI,DONATO HANOVER,16000,no,ricomprato dal venditore,https://www.its-aste.com/aste/asta-selezionata-yearling-trottatori/
ITS Asta Selezionata Yearling Trottatori 2025,51,LIONHEARTH ROAD,FATHER PATRICK,19000,no,ricomprato dal venditore,https://www.its-aste.com/aste/asta-selezionata-yearling-trottatori/
ITS Asta Selezionata Yearling Trottatori 2025,52,LIVE BIG LAKSMY,NAD AL SHEBA,16000,si,,https://www.its-aste.com/aste/asta-selezionata-yearling-trottatori/
ITS Asta Selezionata Yearling Trottatori 2025,53,LUPO JET,DONATO HANOVER,22000,no,ricomprato dal venditore,https://www.its-aste.com/aste/asta-selezionata-yearling-trottatori/
ITS Asta Selezionata Yearling Trottatori 2025,54,LEONARD GAR,GREENSHOE,90000,si,,https://www.its-aste.com/aste/asta-selezionata-yearling-trottatori/
ITS Asta Selezionata Yearling Trottatori 2025,55,LEVIS AS,BAR HOPPING,19000,no,ricomprato dal venditore,https://www.its-aste.com/aste/asta-selezionata-yearling-trottatori/
ITS Asta Selezionata Yearling Trottatori 2025,56,LOTTERIA,GREENSHOE,47000,no,ricomprato dal venditore,https://www.its-aste.com/aste/asta-selezionata-yearling-trottatori/
ITS Asta Selezionata Yearling Trottatori 2025,57,LEMOOR GIO,IDEAL DU POMMEAU,80000,si,,https://www.its-aste.com/aste/asta-selezionata-yearling-trottatori/
ITS Asta Selezionata Yearling Trottatori 2025,59,LASTSAMURAI FONT,ALRAJAH ONE,22000,si,,https://www.its-aste.com/aste/asta-selezionata-yearling-trottatori/
ITS Asta Selezionata Yearling Trottatori 2025,60,LAST CHANCE,READY CASH,210000,si,,https://www.its-aste.com/aste/asta-selezionata-yearling-trottatori/
ITS Asta Selezionata Yearling Trottatori 2025,61,LUNA EFFE,CALGARY GAMES,14000,si,,https://www.its-aste.com/aste/asta-selezionata-yearling-trottatori/
ITS Asta Selezionata Yearling Trottatori 2025,62,LIV DI POGGIO,BAR HOPPING,10000,si,,https://www.its-aste.com/aste/asta-selezionata-yearling-trottatori/
ITS Asta Selezionata Yearling Trottatori 2025,63,LUCKY GIRL BI,GOOGOO GAAGAA,25000,no,ricomprato dal venditore,https://www.its-aste.com/aste/asta-selezionata-yearling-trottatori/
ITS Asta Selezionata Yearling Trottatori 2025,64,LUPIN PAL,NAD AL SHEBA,22000,si,,https://www.its-aste.com/aste/asta-selezionata-yearling-trottatori/
ITS Asta Selezionata Yearling Trottatori 2025,65,LEAO BIG LAKSMY,FACE TIME BORBON,60000,si,,https://www.its-aste.com/aste/asta-selezionata-yearling-trottatori/
ITS Asta Selezionata Yearling Trottatori 2025,66,LANCIA AS,GIMPANZEE,25000,si,,https://www.its-aste.com/aste/asta-selezionata-yearling-trottatori/
ITS Asta Selezionata Yearling Trottatori 2025,67,LITIGIO,EL IDEAL,24000,no,ricomprato dal venditore,https://www.its-aste.com/aste/asta-selezionata-yearling-trottatori/
ITS Asta Selezionata Yearling Trottatori 2025,68,LUPO KILLER GAR,CAPTAIN COREY,100000,si,,https://www.its-aste.com/aste/asta-selezionata-yearling-trottatori/
ITS Asta Selezionata Yearling Trottatori 2025,69,LE PETIT JEPSON,MAHARAJAH,14000,si,,https://www.its-aste.com/aste/asta-selezionata-yearling-trottatori/
ITS Asta Selezionata Yearling Trottatori 2025,70,LIP DI GIRIFALCO,DONATO HANOVER,9000,no,ricomprato dal venditore,https://www.its-aste.com/aste/asta-selezionata-yearling-trottatori/
ITS Asta Selezionata Yearling Trottatori 2025,71,LA IDEAL WINNER,IDEAL DU POMMEAU,13000,no,ricomprato dal venditore,https://www.its-aste.com/aste/asta-selezionata-yearling-trottatori/
ITS Asta Selezionata Yearling Trottatori 2025,72,LINGOTTO BI,INTERNATIONAL MONI,17000,no,ricomprato dal venditore,https://www.its-aste.com/aste/asta-selezionata-yearling-trottatori/
ITS Asta Selezionata Yearling Trottatori 2025,73,LIVIA JET,MAHARAJAH,40000,si,,https://www.its-aste.com/aste/asta-selezionata-yearling-trottatori/
ITS Asta Selezionata Yearling Trottatori 2025,74,LUCIO VERO SP,VICTOR GIO,9000,si,,https://www.its-aste.com/aste/asta-selezionata-yearling-trottatori/
ITS Asta Selezionata Yearling Trottatori 2025,75,LOVE ME AGAIN GAR,CAPTAIN COREY,42000,si,,https://www.its-aste.com/aste/asta-selezionata-yearling-trottatori/
ITS Asta Selezionata Yearling Trottatori 2025,76,LINCOLN WISE AS,MAHARAJAH,62000,si,,https://www.its-aste.com/aste/asta-selezionata-yearling-trottatori/
ITS Asta Selezionata Yearling Trottatori 2025,77,LEADER GIO,IDEAL DU POMMEAU,150000,si,,https://www.its-aste.com/aste/asta-selezionata-yearling-trottatori/
ITS Asta Selezionata Yearling Trottatori 2025,78,LADY MACBETH FONT,MAHARAJAH,22000,si,,https://www.its-aste.com/aste/asta-selezionata-yearling-trottatori/
ITS Asta Selezionata Yearling Trottatori 2025,79,LILAH DI POGGIO,GIMPANZEE,70000,no,ricomprato dal venditore,https://www.its-aste.com/aste/asta-selezionata-yearling-trottatori/
ITS Asta Selezionata Yearling Trottatori 2025,80,LA CHICA POINT,VIVID WISE AS,11000,no,ricomprato dal venditore,https://www.its-aste.com/aste/asta-selezionata-yearling-trottatori/
ITS Asta Selezionata Yearling Trottatori 2025,81,LENNIE MAIL,NAD AL SHEBA,64000,si,,https://www.its-aste.com/aste/asta-selezionata-yearling-trottatori/
ITS Asta Selezionata Yearling Trottatori 2025,82,LHILL AS,MUSCLE HILL,35000,si,,https://www.its-aste.com/aste/asta-selezionata-yearling-trottatori/
ITS Asta Selezionata Yearling Trottatori 2025,83,LA BELLA WINNER,GREENSHOE,20000,no,ricomprato dal venditore,https://www.its-aste.com/aste/asta-selezionata-yearling-trottatori/
ITS Asta Selezionata Yearling Trottatori 2025,84,LANCILLOTTO GRIF,GREENSHOE,75000,si,,https://www.its-aste.com/aste/asta-selezionata-yearling-trottatori/
ITS Asta Selezionata Yearling Trottatori 2025,85,LEAR WISE L,MAHARAJAH,42000,si,,https://www.its-aste.com/aste/asta-selezionata-yearling-trottatori/
ITS Asta Selezionata Yearling Trottatori 2025,86,LALRAJAH ONE,MAHARAJAH,55000,si,,https://www.its-aste.com/aste/asta-selezionata-yearling-trottatori/
ITS Asta Selezionata Yearling Trottatori 2025,87,LOLLOBRIGIDA JET,CALGARY GAMES,26000,si,,https://www.its-aste.com/aste/asta-selezionata-yearling-trottatori/
ITS Asta Selezionata Yearling Trottatori 2025,88,LANE DI POGGIO,CAPTAIN COREY,18000,si,,https://www.its-aste.com/aste/asta-selezionata-yearling-trottatori/
ITS Asta Selezionata Yearling Trottatori 2025,89,LORD WISE AS,MAHARAJAH,75000,si,,https://www.its-aste.com/aste/asta-selezionata-yearling-trottatori/
ITS Asta Selezionata Yearling Trottatori 2025,89bis,LEONARD FERM,QUITE EASY,20000,si,,https://www.its-aste.com/aste/asta-selezionata-yearling-trottatori/
ITS Asta Selezionata Yearling Trottatori 2025,90,LUPIN DODA,MAHARAJAH,40000,no,ricomprato dal venditore,https://www.its-aste.com/aste/asta-selezionata-yearling-trottatori/
ITS Asta Selezionata Yearling Trottatori 2025,91,LIRIOPE DEGLI DEI,NAD AL SHEBA,38000,si,,https://www.its-aste.com/aste/asta-selezionata-yearling-trottatori/
ITS Asta Selezionata Yearling Trottatori 2025,92,LET IT BE GAR,FATHER PATRICK,25000,si,,https://www.its-aste.com/aste/asta-selezionata-yearling-trottatori/
ITS Asta Selezionata Yearling Trottatori 2025,93,LUNANERA FONT,RINGOSTAR TREB,21000,si,,https://www.its-aste.com/aste/asta-selezionata-yearling-trottatori/
ITS Asta Selezionata Yearling Trottatori 2025,94,LAERTE DI POGGIO,CANTAB HALL,19000,si,,https://www.its-aste.com/aste/asta-selezionata-yearling-trottatori/
ITS Asta Selezionata Yearling Trottatori 2025,95,LIFE STYLE BI,GIMPANZEE,105000,si,,https://www.its-aste.com/aste/asta-selezionata-yearling-trottatori/
ITS Asta Selezionata Yearling Trottatori 2025,96,LIPSIA,CALGARY GAMES,55000,si,,https://www.its-aste.com/aste/asta-selezionata-yearling-trottatori/
ITS Asta Selezionata Yearling Trottatori 2025,97,LILIBETCON,FATHER PATRICK,24000,no,ricomprato dal venditore,https://www.its-aste.com/aste/asta-selezionata-yearling-trottatori/
ITS Asta Selezionata Yearling Trottatori 2025,98,LINDSTROM AS,CAPTAIN COREY,38000,si,,https://www.its-aste.com/aste/asta-selezionata-yearling-trottatori/
ITS Asta Selezionata Yearling Trottatori 2025,99,LOVELY GAR,CAPTAIN COREY,40000,si,,https://www.its-aste.com/aste/asta-selezionata-yearling-trottatori/
ITS Asta Selezionata Yearling Trottatori 2025,100,LEONIDA DI POGGIO,MUSCLE HILL,95000,no,ricomprato dal venditore,https://www.its-aste.com/aste/asta-selezionata-yearling-trottatori/
ITS Asta Selezionata Yearling Trottatori 2025,101,LOVE BIG LAKSMY,NAD AL SHEBA,20000,si,,https://www.its-aste.com/aste/asta-selezionata-yearling-trottatori/
ITS Asta Selezionata Yearling Trottatori 2025,102,LEDA GRIF,VIVID WISE AS,24000,no,ricomprato dal venditore,https://www.its-aste.com/aste/asta-selezionata-yearling-trottatori/
ITS Asta Selezionata Yearling Trottatori 2025,103,LIVORNO JET,WISHING STONE,21000,si,,https://www.its-aste.com/aste/asta-selezionata-yearling-trottatori/
ITS Asta Selezionata Yearling Trottatori 2025,104,LANA MIL,BAR HOPPING,10000,no,ricomprato dal venditore,https://www.its-aste.com/aste/asta-selezionata-yearling-trottatori/
ITS Asta Selezionata Yearling Trottatori 2025,105,LEONIDA,MAHARAJAH,38000,si,,https://www.its-aste.com/aste/asta-selezionata-yearling-trottatori/
ITS Asta Selezionata Yearling Trottatori 2025,106,LORD VF,ALRAJAH ONE,24000,no,ricomprato dal venditore,https://www.its-aste.com/aste/asta-selezionata-yearling-trottatori/
ITS Asta Selezionata Yearling Trottatori 2025,107,LEWIS WISE AS,MAHARAJAH,170000,si,,https://www.its-aste.com/aste/asta-selezionata-yearling-trottatori/
ITS Asta Selezionata Yearling Trottatori 2025,108,LOVELY SAT,CALGARY GAMES,13000,si,,https://www.its-aste.com/aste/asta-selezionata-yearling-trottatori/
ITS Asta Selezionata Yearling Trottatori 2025,110,LEAO EFFE,NAD AL SHEBA,33000,si,,https://www.its-aste.com/aste/asta-selezionata-yearling-trottatori/
ITS Asta Selezionata Yearling Trottatori 2025,111,LATIN LOVER BI,INTERNATIONAL MONI,30000,si,,https://www.its-aste.com/aste/asta-selezionata-yearling-trottatori/
ITS Asta Selezionata Yearling Trottatori 2025,112,LE MONDE GAR,GOOGOO GAAGAA,15000,si,,https://www.its-aste.com/aste/asta-selezionata-yearling-trottatori/
ITS Asta Selezionata Yearling Trottatori 2025,113,LEONARDO JET,MAHARAJAH,34000,si,,https://www.its-aste.com/aste/asta-selezionata-yearling-trottatori/
ITS Asta Selezionata Yearling Trottatori 2025,114,LOTHARIO,MAHARAJAH,26000,si,,https://www.its-aste.com/aste/asta-selezionata-yearling-trottatori/
ITS Asta Selezionata Yearling Trottatori 2025,115,LANCASTER FAS,MAHARAJAH,12000,no,ricomprato dal venditore,https://www.its-aste.com/aste/asta-selezionata-yearling-trottatori/
ITS Asta Selezionata Yearling Trottatori 2025,116,LUNAROSSA AS,GIMPANZEE,57000,si,,https://www.its-aste.com/aste/asta-selezionata-yearling-trottatori/
ITS Asta Selezionata Yearling Trottatori 2025,117,LUXURY D'ARC,ALRAJAH ONE,40000,si,,https://www.its-aste.com/aste/asta-selezionata-yearling-trottatori/
ITS Asta Selezionata Yearling Trottatori 2025,118,LASS UNS LEBEN,MAHARAJAH,30000,si,,https://www.its-aste.com/aste/asta-selezionata-yearling-trottatori/
ITS Asta Selezionata Yearling Trottatori 2025,119,LEONARDO WISE L,FATHER PATRICK,26000,si,,https://www.its-aste.com/aste/asta-selezionata-yearling-trottatori/
ITS Asta Selezionata Yearling Trottatori 2025,120,LAPICCOLAROBY TOR,FATHER PATRICK,14000,no,ricomprato dal venditore,https://www.its-aste.com/aste/asta-selezionata-yearling-trottatori/
ITS Asta Selezionata Yearling Trottatori 2025,121,LIBERTY PAL,NAD AL SHEBA,25000,si,,https://www.its-aste.com/aste/asta-selezionata-yearling-trottatori/
ITS Asta Selezionata Yearling Trottatori 2025,122,L'ORO DEL BAR,RINGOSTAR TREB,25000,si,,https://www.its-aste.com/aste/asta-selezionata-yearling-trottatori/
ITS Asta Selezionata Yearling Trottatori 2025,123,LA FIESTA BI,GREEN MANALISHI,11000,si,,https://www.its-aste.com/aste/asta-selezionata-yearling-trottatori/
ITS Asta Selezionata Yearling Trottatori 2025,124,LEXINGTON AS,EL IDEAL,40000,si,,https://www.its-aste.com/aste/asta-selezionata-yearling-trottatori/
ITS Asta Selezionata Yearling Trottatori 2025,125,LAETUS DI POGGIO,MAHARAJAH,52000,si,,https://www.its-aste.com/aste/asta-selezionata-yearling-trottatori/
ITS Asta Selezionata Yearling Trottatori 2025,126,LYON ITALIA,ROBERT BI,28000,si,,https://www.its-aste.com/aste/asta-selezionata-yearling-trottatori/
ITS Asta Selezionata Yearling Trottatori 2025,127,LAVER WF,VARENNE,23000,no,ricomprato dal venditore,https://www.its-aste.com/aste/asta-selezionata-yearling-trottatori/
ITS Asta Selezionata Yearling Trottatori 2025,128,LONELY NIGHT GAR,VICTOR GIO,15000,si,,https://www.its-aste.com/aste/asta-selezionata-yearling-trottatori/
ITS Asta Selezionata Yearling Trottatori 2025,129,LIVE DI GIRIFALCO,MAHARAJAH,10000,si,,https://www.its-aste.com/aste/asta-selezionata-yearling-trottatori/
ITS Asta Selezionata Yearling Trottatori 2025,130,LADY BIG LAKSMY,INTERNATIONAL MONI,12000,no,ricomprato dal venditore,https://www.its-aste.com/aste/asta-selezionata-yearling-trottatori/
ITS Asta Selezionata Yearling Trottatori 2025,131,LORELEI DI POGGIO,BAR HOPPING,17000,no,ricomprato dal venditore,https://www.its-aste.com/aste/asta-selezionata-yearling-trottatori/
ITS Asta Selezionata Yearling Trottatori 2025,132,LIBIA,FATHER PATRICK,20000,si,,https://www.its-aste.com/aste/asta-selezionata-yearling-trottatori/
ITS Asta Selezionata Yearling Trottatori 2025,133,LOPEZ JET,READLY EXPRESS,19000,no,ricomprato dal venditore,https://www.its-aste.com/aste/asta-selezionata-yearling-trottatori/
ITS Asta Selezionata Yearling Trottatori 2025,134,LEMON KING AM,BIRD PARKER,32000,si,,https://www.its-aste.com/aste/asta-selezionata-yearling-trottatori/
ITS Asta Selezionata Yearling Trottatori 2025,136,LAPO SL,MAHARAJAH,10000,si,,https://www.its-aste.com/aste/asta-selezionata-yearling-trottatori/
ITS Asta Selezionata Yearling Trottatori 2025,137,LAST GIO,VICTOR GIO,24000,si,,https://www.its-aste.com/aste/asta-selezionata-yearling-trottatori/
ITS Asta Selezionata Yearling Trottatori 2025,138,LEAGUE WISE AS,MUSCLE HILL,130000,si,,https://www.its-aste.com/aste/asta-selezionata-yearling-trottatori/
ITS Asta Selezionata Yearling Trottatori 2025,140,LAMOUR BI,RESOLVE,19000,si,,https://www.its-aste.com/aste/asta-selezionata-yearling-trottatori/
ITS Asta Selezionata Yearling Trottatori 2025,142,L'IMPLACABILE GAR,SOUTHWIND FRANK,36000,si,,https://www.its-aste.com/aste/asta-selezionata-yearling-trottatori/
ITS Asta Selezionata Yearling Trottatori 2025,143,LAVINIA DEGLI DEI,VARENNE,43000,si,,https://www.its-aste.com/aste/asta-selezionata-yearling-trottatori/
ITS Asta Selezionata Yearling Trottatori 2025,145,LIBANO JET,WISHING STONE,17000,si,,https://www.its-aste.com/aste/asta-selezionata-yearling-trottatori/
ITS Asta Selezionata Yearling Trottatori 2025,146,LION BLUE,FATHER PATRICK,11000,no,ricomprato dal venditore,https://www.its-aste.com/aste/asta-selezionata-yearling-trottatori/
ITS Asta Selezionata Yearling Trottatori 2025,147,LARIMAR AS,MAHARAJAH,35000,si,,https://www.its-aste.com/aste/asta-selezionata-yearling-trottatori/
ITS Asta Selezionata Yearling Trottatori 2025,148,LOVING YOU BI,READLY EXPRESS,53000,si,,https://www.its-aste.com/aste/asta-selezionata-yearling-trottatori/
ITS Asta Selezionata Yearling Trottatori 2025,149,LORNE DI POGGIO,VARENNE,20000,si,,https://www.its-aste.com/aste/asta-selezionata-yearling-trottatori/
ITS Asta Selezionata Yearling Trottatori 2025,150,LUTARO MARTINEZ,TRIXTON,13000,si,,https://www.its-aste.com/aste/asta-selezionata-yearling-trottatori/
ITS Asta Selezionata Yearling Trottatori 2025,151,L'ETOILE GAR,VICTOR GIO,18000,si,,https://www.its-aste.com/aste/asta-selezionata-yearling-trottatori/
ITS Asta Selezionata Yearling Trottatori 2025,153,LAYTON,MAHARAJAH,27000,no,ricomprato dal venditore,https://www.its-aste.com/aste/asta-selezionata-yearling-trottatori/
ITS Asta Selezionata Yearling Trottatori 2025,154,LET'S GO BI,NAD AL SHEBA,36000,si,,https://www.its-aste.com/aste/asta-selezionata-yearling-trottatori/
ITS Asta Selezionata Yearling Trottatori 2025,155,LIFE WISE AS,MAHARAJAH,60000,si,,https://www.its-aste.com/aste/asta-selezionata-yearling-trottatori/
ITS Asta Selezionata Yearling Trottatori 2025,156,LUCHADORA D'ARC,NUNCIO,13000,si,,https://www.its-aste.com/aste/asta-selezionata-yearling-trottatori/
ITS Asta Selezionata Yearling Trottatori 2025,157,LIBELLULA GIO,TONY GIO,22000,no,ricomprato dal venditore,https://www.its-aste.com/aste/asta-selezionata-yearling-trottatori/
ITS Asta Selezionata Yearling Trottatori 2025,158,LAGOON WISE L,GOOGOO GAAGAA,8000,si,,https://www.its-aste.com/aste/asta-selezionata-yearling-trottatori/
ITS Asta Selezionata Yearling Trottatori 2025,159,LEONE JET,MAHARAJAH,28000,si,,https://www.its-aste.com/aste/asta-selezionata-yearling-trottatori/
ITS Asta Selezionata Yearling Trottatori 2025,160,LITIO,ECURIE D,25000,si,,https://www.its-aste.com/aste/asta-selezionata-yearling-trottatori/
ITS Asta Selezionata Yearling Trottatori 2025,161,LOVEMETENDER BI,RESOLVE,11000,si,,https://www.its-aste.com/aste/asta-selezionata-yearling-trottatori/
ITS Asta Selezionata Yearling Trottatori 2025,162,LAUREL WISE L,GIVEITGASANDGO,13000,no,ricomprato dal venditore,https://www.its-aste.com/aste/asta-selezionata-yearling-trottatori/
ITS Asta Selezionata Yearling Trottatori 2025,163,LAMYA DI POGGIO,NUNCIO,13000,no,ricomprato dal venditore,https://www.its-aste.com/aste/asta-selezionata-yearling-trottatori/
ITS Asta Selezionata Yearling Trottatori 2025,164,LIGHTING AS,SIX PACK,21000,si,,https://www.its-aste.com/aste/asta-selezionata-yearling-trottatori/
ITS Asta Selezionata Yearling Trottatori 2025,165,LUPIN BI,DONATO HANOVER,30000,si,,https://www.its-aste.com/aste/asta-selezionata-yearling-trottatori/
ITS Asta Selezionata Yearling Trottatori 2025,166,LINCOLN JET,CALGARY GAMES,20000,si,,https://www.its-aste.com/aste/asta-selezionata-yearling-trottatori/
ITS Asta Selezionata Yearling Trottatori 2025,167,LADY GIO,TONY GIO,25000,si,,https://www.its-aste.com/aste/asta-selezionata-yearling-trottatori/
ITS Asta Selezionata Yearling Trottatori 2025,168,LISTENER AS,EL IDEAL,19000,si,,https://www.its-aste.com/aste/asta-selezionata-yearling-trottatori/
ITS Asta Selezionata Yearling Trottatori 2025,169,LION WIND,FATHER PATRICK,7000,si,,https://www.its-aste.com/aste/asta-selezionata-yearling-trottatori/
ITS Asta Selezionata Yearling Trottatori 2025,170,LA BAMBA BI,MAHARAJAH,20000,no,ricomprato dal venditore,https://www.its-aste.com/aste/asta-selezionata-yearling-trottatori/
ITS Asta Selezionata Yearling Trottatori 2025,171,LONDRA JET,WISHING STONE,20000,si,,https://www.its-aste.com/aste/asta-selezionata-yearling-trottatori/
ITS Asta Selezionata Yearling Trottatori 2025,172,LILLYBETH GIFONT,NAD AL SHEBA,12000,si,,https://www.its-aste.com/aste/asta-selezionata-yearling-trottatori/
ITS Asta Selezionata Yearling Trottatori 2025,173,NISOS DI POGGIO,TACTICAL LANDING,25000,si,,https://www.its-aste.com/aste/asta-selezionata-yearling-trottatori/
ITS Asta Selezionata Yearling Trottatori 2025,174,LABEL BIG LAKSMY,NAD AL SHEBA,15000,no,ricomprato dal venditore,https://www.its-aste.com/aste/asta-selezionata-yearling-trottatori/
ITS Asta Selezionata Yearling Trottatori 2025,175,LUCILLE BI,VERNISSAGE GRIF,8000,no,ricomprato dal venditore,https://www.its-aste.com/aste/asta-selezionata-yearling-trottatori/
ITS Asta Selezionata Yearling Trottatori 2025,176,LORD JET,TWISTER BI,12000,si,,https://www.its-aste.com/aste/asta-selezionata-yearling-trottatori/
ITS Asta Selezionata Yearling Trottatori 2025,177,LARA FAS,MAHARAJAH,,no,ricomprato dal venditore,https://www.its-aste.com/aste/asta-selezionata-yearling-trottatori/
ITS Asta Selezionata Yearling Trottatori 2025,178,LOOK AS,EL IDEAL,18000,si,,https://www.its-aste.com/aste/asta-selezionata-yearling-trottatori/
ITS Asta Selezionata Yearling Trottatori 2025,179,LIMBO BI,MANOFMANYMISSION,12000,si,,https://www.its-aste.com/aste/asta-selezionata-yearling-trottatori/
ITS Asta Selezionata Yearlings Trottatori 2024,1,ICONA BI,DONATO HANOVER,22000,si,,https://www.its-aste.com/aste/asta-selezionata-yearlings-trottatori-5/
ITS Asta Selezionata Yearlings Trottatori 2024,2,IROSHIMA JET,BOOSTER WINNER,16000,si,,https://www.its-aste.com/aste/asta-selezionata-yearlings-trottatori-5/
ITS Asta Selezionata Yearlings Trottatori 2024,3,IVOR DI GIRIFALCO,SIX PACK,10000,si,,https://www.its-aste.com/aste/asta-selezionata-yearlings-trottatori-5/
ITS Asta Selezionata Yearlings Trottatori 2024,4,IPPO WISE L,TRIXTON,16000,si,,https://www.its-aste.com/aste/asta-selezionata-yearlings-trottatori-5/
ITS Asta Selezionata Yearlings Trottatori 2024,5,ISPICA EFFE,MAHARAJAH,22000,no,ricomprato dal venditore,https://www.its-aste.com/aste/asta-selezionata-yearlings-trottatori-5/
ITS Asta Selezionata Yearlings Trottatori 2024,6,ILONASTALLER TREB,SIX PACK,9000,no,ricomprato dal venditore,https://www.its-aste.com/aste/asta-selezionata-yearlings-trottatori-5/
ITS Asta Selezionata Yearlings Trottatori 2024,7,INSTINCT GRIF,VIVID WISE AS,13000,si,,https://www.its-aste.com/aste/asta-selezionata-yearlings-trottatori-5/
ITS Asta Selezionata Yearlings Trottatori 2024,9,IPERURANIO PAL,SIX PACK,9000,no,ricomprato dal venditore,https://www.its-aste.com/aste/asta-selezionata-yearlings-trottatori-5/
ITS Asta Selezionata Yearlings Trottatori 2024,10,ILLINOIS WISE AS,MAHARAJAH,47000,si,,https://www.its-aste.com/aste/asta-selezionata-yearlings-trottatori-5/
ITS Asta Selezionata Yearlings Trottatori 2024,11,ILLUSTRE BRO FONT,SIX PACK,11000,no,ricomprato dal venditore,https://www.its-aste.com/aste/asta-selezionata-yearlings-trottatori-5/
ITS Asta Selezionata Yearlings Trottatori 2024,12,I AM A DREAM GAR,FACE TIME BOURBON,45000,si,,https://www.its-aste.com/aste/asta-selezionata-yearlings-trottatori-5/
ITS Asta Selezionata Yearlings Trottatori 2024,13,IVOR BIG LAKSMY,NAD AL SHEBA,22000,si,,https://www.its-aste.com/aste/asta-selezionata-yearlings-trottatori-5/
ITS Asta Selezionata Yearlings Trottatori 2024,14,IBRA WIND,READLY EXPRESS,30000,si,,https://www.its-aste.com/aste/asta-selezionata-yearlings-trottatori-5/
ITS Asta Selezionata Yearlings Trottatori 2024,15,IRIDEE DI POGGIO,READLY EXPRESS,12000,no,ricomprato dal venditore,https://www.its-aste.com/aste/asta-selezionata-yearlings-trottatori-5/
ITS Asta Selezionata Yearlings Trottatori 2024,16,IMITRI JET,CALGARY GAMES,12000,si,,https://www.its-aste.com/aste/asta-selezionata-yearlings-trottatori-5/
ITS Asta Selezionata Yearlings Trottatori 2024,17,ISANDRO DEGLI DEI,DONATO HANOVER,15000,si,,https://www.its-aste.com/aste/asta-selezionata-yearlings-trottatori-5/
ITS Asta Selezionata Yearlings Trottatori 2024,18,INDURAIN SLM,GREENSHOE,16000,no,ricomprato dal venditore,https://www.its-aste.com/aste/asta-selezionata-yearlings-trottatori-5/
ITS Asta Selezionata Yearlings Trottatori 2024,19,ICE LADY BI,CAPTAIN COREY,19000,no,ricomprato dal venditore,https://www.its-aste.com/aste/asta-selezionata-yearlings-trottatori-5/
ITS Asta Selezionata Yearlings Trottatori 2024,21,INDUSTRY BAR,MAHARAJAH,32000,si,,https://www.its-aste.com/aste/asta-selezionata-yearlings-trottatori-5/
ITS Asta Selezionata Yearlings Trottatori 2024,22,IMMENSO OF BROWN,CALGARY GAMES,11000,no,ricomprato dal venditore,https://www.its-aste.com/aste/asta-selezionata-yearlings-trottatori-5/
ITS Asta Selezionata Yearlings Trottatori 2024,24,IMMENSIA,GREENSHOE,42000,si,,https://www.its-aste.com/aste/asta-selezionata-yearlings-trottatori-5/
ITS Asta Selezionata Yearlings Trottatori 2024,25,IL DIVO STECCA,MAHARAJAH,17000,no,ricomprato dal venditore,https://www.its-aste.com/aste/asta-selezionata-yearlings-trottatori-5/
ITS Asta Selezionata Yearlings Trottatori 2024,26,IDEAL GIO,VIVID WISE AS,10000,no,ricomprato dal venditore,https://www.its-aste.com/aste/asta-selezionata-yearlings-trottatori-5/
ITS Asta Selezionata Yearlings Trottatori 2024,27,IACCHETTI SP,TRIXTON,12000,no,ricomprato dal venditore,https://www.its-aste.com/aste/asta-selezionata-yearlings-trottatori-5/
ITS Asta Selezionata Yearlings Trottatori 2024,28,IMAGINE GRIF,DONATO HANOVER,24000,no,ricomprato dal venditore,https://www.its-aste.com/aste/asta-selezionata-yearlings-trottatori-5/
ITS Asta Selezionata Yearlings Trottatori 2024,29,IANG AS,READLY EXPRESS,21000,si,,https://www.its-aste.com/aste/asta-selezionata-yearlings-trottatori-5/
ITS Asta Selezionata Yearlings Trottatori 2024,30,IN THE NIGHT GAR,VICTOR GIO,48000,si,,https://www.its-aste.com/aste/asta-selezionata-yearlings-trottatori-5/
ITS Asta Selezionata Yearlings Trottatori 2024,32,ILLYPOP BAR,VITRUVIO,24000,si,,https://www.its-aste.com/aste/asta-selezionata-yearlings-trottatori-5/
ITS Asta Selezionata Yearlings Trottatori 2024,33,INYOUREYES,CALGARY GAMES,28000,si,,https://www.its-aste.com/aste/asta-selezionata-yearlings-trottatori-5/
ITS Asta Selezionata Yearlings Trottatori 2024,34,ISSEY DI POGGIO,CHARLIE DU NOYER,22000,si,,https://www.its-aste.com/aste/asta-selezionata-yearlings-trottatori-5/
ITS Asta Selezionata Yearlings Trottatori 2024,35,IOLANDA JET,MAHARAJAH,22000,no,ricomprato dal venditore,https://www.its-aste.com/aste/asta-selezionata-yearlings-trottatori-5/
ITS Asta Selezionata Yearlings Trottatori 2024,36,IMAGE OF FAS,FATHER PATRICK,20000,si,,https://www.its-aste.com/aste/asta-selezionata-yearlings-trottatori-5/
ITS Asta Selezionata Yearlings Trottatori 2024,37,ICARO BIG LAKSMY,DONATO HANOVER,20000,si,,https://www.its-aste.com/aste/asta-selezionata-yearlings-trottatori-5/
ITS Asta Selezionata Yearlings Trottatori 2024,38,IZOARD BLUE GRIF,READLY EXPRESS,48000,no,ricomprato dal venditore,https://www.its-aste.com/aste/asta-selezionata-yearlings-trottatori-5/
ITS Asta Selezionata Yearlings Trottatori 2024,39,INVIDIA BAR,OROPURO BAR,17000,si,,https://www.its-aste.com/aste/asta-selezionata-yearlings-trottatori-5/
ITS Asta Selezionata Yearlings Trottatori 2024,40,IN THE NIGHT BI,BRILLANTISSIME,10000,si,,https://www.its-aste.com/aste/asta-selezionata-yearlings-trottatori-5/
ITS Asta Selezionata Yearlings Trottatori 2024,41,INKLE WISE AS,CAPTAIN COREY,95000,si,,https://www.its-aste.com/aste/asta-selezionata-yearlings-trottatori-5/
ITS Asta Selezionata Yearlings Trottatori 2024,42,I HAVE A DREAM GAR,GREENSHOE,42000,si,,https://www.its-aste.com/aste/asta-selezionata-yearlings-trottatori-5/
ITS Asta Selezionata Yearlings Trottatori 2024,43,INDONESIA,VITRUVIO,65000,si,,https://www.its-aste.com/aste/asta-selezionata-yearlings-trottatori-5/
ITS Asta Selezionata Yearlings Trottatori 2024,44,IRON TOP,CALGARY GAMES,36000,si,,https://www.its-aste.com/aste/asta-selezionata-yearlings-trottatori-5/
ITS Asta Selezionata Yearlings Trottatori 2024,45,IL PIRATA FONT,FACE TIME BOURBON,40000,si,,https://www.its-aste.com/aste/asta-selezionata-yearlings-trottatori-5/
ITS Asta Selezionata Yearlings Trottatori 2024,46,IRON LADY,THE BANK,13000,si,,https://www.its-aste.com/aste/asta-selezionata-yearlings-trottatori-5/
ITS Asta Selezionata Yearlings Trottatori 2024,47,IUPITER,READLY EXPRESS,38000,si,,https://www.its-aste.com/aste/asta-selezionata-yearlings-trottatori-5/
ITS Asta Selezionata Yearlings Trottatori 2024,48,INSTANT AS,READLY EXPRESS,25000,si,,https://www.its-aste.com/aste/asta-selezionata-yearlings-trottatori-5/
ITS Asta Selezionata Yearlings Trottatori 2024,49,INDIPENDENT GAR,FATHER PATRICK,35000,si,,https://www.its-aste.com/aste/asta-selezionata-yearlings-trottatori-5/
ITS Asta Selezionata Yearlings Trottatori 2024,50,INCANTO WF,VARENNE,27000,si,,https://www.its-aste.com/aste/asta-selezionata-yearlings-trottatori-5/
ITS Asta Selezionata Yearlings Trottatori 2024,51,INDORADO,LOVE YOU,40000,si,,https://www.its-aste.com/aste/asta-selezionata-yearlings-trottatori-5/
ITS Asta Selezionata Yearlings Trottatori 2024,52,IPANEMA BAR,VARENNE,17000,si,,https://www.its-aste.com/aste/asta-selezionata-yearlings-trottatori-5/
ITS Asta Selezionata Yearlings Trottatori 2024,53,I'M GOOD BI,MANOFMANYMISSION,35000,si,,https://www.its-aste.com/aste/asta-selezionata-yearlings-trottatori-5/
ITS Asta Selezionata Yearlings Trottatori 2024,54,IGIEA DEGLI DEI,MAHARAJAH,30000,si,,https://www.its-aste.com/aste/asta-selezionata-yearlings-trottatori-5/
ITS Asta Selezionata Yearlings Trottatori 2024,55,IMPALA WISE AS,MAHARAJAH,66000,si,,https://www.its-aste.com/aste/asta-selezionata-yearlings-trottatori-5/
ITS Asta Selezionata Yearlings Trottatori 2024,56,ILARIACON,HOHNECK,28000,si,,https://www.its-aste.com/aste/asta-selezionata-yearlings-trottatori-5/
ITS Asta Selezionata Yearlings Trottatori 2024,57,ITALO JET,MAHARAJAH,39000,si,,https://www.its-aste.com/aste/asta-selezionata-yearlings-trottatori-5/
ITS Asta Selezionata Yearlings Trottatori 2024,58,IDOS DI POGGIO,CAPTAIN COREY,26000,no,ricomprato dal venditore,https://www.its-aste.com/aste/asta-selezionata-yearlings-trottatori-5/
ITS Asta Selezionata Yearlings Trottatori 2024,59,IFIGENIA OF BROWN,WALNER,105000,si,,https://www.its-aste.com/aste/asta-selezionata-yearlings-trottatori-5/
ITS Asta Selezionata Yearlings Trottatori 2024,60,INVICTUS SP,VICTOR GIO,10000,si,,https://www.its-aste.com/aste/asta-selezionata-yearlings-trottatori-5/
ITS Asta Selezionata Yearlings Trottatori 2024,61,IDEAL AS,EL IDEAL,75000,si,,https://www.its-aste.com/aste/asta-selezionata-yearlings-trottatori-5/
ITS Asta Selezionata Yearlings Trottatori 2024,62,ICI BLUE GRIF,TACTICAL LANDING,26000,si,,https://www.its-aste.com/aste/asta-selezionata-yearlings-trottatori-5/
ITS Asta Selezionata Yearlings Trottatori 2024,63,IN THE DARK BI,MAHARAJAH,30000,si,,https://www.its-aste.com/aste/asta-selezionata-yearlings-trottatori-5/
ITS Asta Selezionata Yearlings Trottatori 2024,64,I AM FLYING GAR,FATHER PATRICK,25000,si,,https://www.its-aste.com/aste/asta-selezionata-yearlings-trottatori-5/
ITS Asta Selezionata Yearlings Trottatori 2024,65,IOSEF BIG LASKMY,CALGARY GAMES,27000,no,ricomprato dal venditore,https://www.its-aste.com/aste/asta-selezionata-yearlings-trottatori-5/
ITS Asta Selezionata Yearlings Trottatori 2024,66,IMEZIO DEGLI DEI,NUNCIO,25000,si,,https://www.its-aste.com/aste/asta-selezionata-yearlings-trottatori-5/
ITS Asta Selezionata Yearlings Trottatori 2024,67,ILIA,TACTICAL LANDING,115000,si,,https://www.its-aste.com/aste/asta-selezionata-yearlings-trottatori-5/
ITS Asta Selezionata Yearlings Trottatori 2024,68,IBISCO JET,WISHING STONE,28000,si,,https://www.its-aste.com/aste/asta-selezionata-yearlings-trottatori-5/
ITS Asta Selezionata Yearlings Trottatori 2024,69,ITALIAN FERM,GREENSHOE,27000,si,,https://www.its-aste.com/aste/asta-selezionata-yearlings-trottatori-5/
ITS Asta Selezionata Yearlings Trottatori 2024,70,IN LOVE AS,FATHER PATRICK,67000,si,,https://www.its-aste.com/aste/asta-selezionata-yearlings-trottatori-5/
ITS Asta Selezionata Yearlings Trottatori 2024,71,IRON BLUE GRIF,GREENSHOE,60000,si,,https://www.its-aste.com/aste/asta-selezionata-yearlings-trottatori-5/
ITS Asta Selezionata Yearlings Trottatori 2024,72,INDIANA BAR,NUNCIO,48000,no,ricomprato dal venditore,https://www.its-aste.com/aste/asta-selezionata-yearlings-trottatori-5/
ITS Asta Selezionata Yearlings Trottatori 2024,73,I LOVE YOU GAR,CAPTAIN COREY,38000,si,,https://www.its-aste.com/aste/asta-selezionata-yearlings-trottatori-5/
ITS Asta Selezionata Yearlings Trottatori 2024,74,IADI DI POGGIO,BAR HOPPING,22000,no,ricomprato dal venditore,https://www.its-aste.com/aste/asta-selezionata-yearlings-trottatori-5/
ITS Asta Selezionata Yearlings Trottatori 2024,75,INDIA WISE L,MAHARAJAH,18000,si,,https://www.its-aste.com/aste/asta-selezionata-yearlings-trottatori-5/
ITS Asta Selezionata Yearlings Trottatori 2024,76,IN TIME BI,FACE TIME BOURBON,60000,si,,https://www.its-aste.com/aste/asta-selezionata-yearlings-trottatori-5/
ITS Asta Selezionata Yearlings Trottatori 2024,77,INVITUS BAR,MAHARAJAH,90000,si,,https://www.its-aste.com/aste/asta-selezionata-yearlings-trottatori-5/
ITS Asta Selezionata Yearlings Trottatori 2024,78,ILGAIO JET,CALGARY GAMES,35000,si,,https://www.its-aste.com/aste/asta-selezionata-yearlings-trottatori-5/
ITS Asta Selezionata Yearlings Trottatori 2024,79,ISFAHAN AS,MAHARAJAH,145000,si,,https://www.its-aste.com/aste/asta-selezionata-yearlings-trottatori-5/
ITS Asta Selezionata Yearlings Trottatori 2024,80,IRMA DI GIRIFALCO,DONATO HANOVER,20000,si,,https://www.its-aste.com/aste/asta-selezionata-yearlings-trottatori-5/
ITS Asta Selezionata Yearlings Trottatori 2024,81,IDRA PAL BAR,FACE TIME BOURBON,75000,si,,https://www.its-aste.com/aste/asta-selezionata-yearlings-trottatori-5/
ITS Asta Selezionata Yearlings Trottatori 2024,82,IVANTHEKING FONT,VARENNE,35000,si,,https://www.its-aste.com/aste/asta-selezionata-yearlings-trottatori-5/
ITS Asta Selezionata Yearlings Trottatori 2024,83,ITTRIA,FATHER PATRICK,31000,si,,https://www.its-aste.com/aste/asta-selezionata-yearlings-trottatori-5/
ITS Asta Selezionata Yearlings Trottatori 2024,84,I AM A DREAMING GAR,FACE TIME BOURBON,75000,si,,https://www.its-aste.com/aste/asta-selezionata-yearlings-trottatori-5/
ITS Asta Selezionata Yearlings Trottatori 2024,85,IMPRENDIBILE GRIF,MAHARAJAH,30000,si,,https://www.its-aste.com/aste/asta-selezionata-yearlings-trottatori-5/
ITS Asta Selezionata Yearlings Trottatori 2024,87,IRON WIND,FACE TIME BOURBON,40000,si,,https://www.its-aste.com/aste/asta-selezionata-yearlings-trottatori-5/
ITS Asta Selezionata Yearlings Trottatori 2024,88,IGOR DODA,VARENNE,21000,si,,https://www.its-aste.com/aste/asta-selezionata-yearlings-trottatori-5/
ITS Asta Selezionata Yearlings Trottatori 2024,89,ISKANDAR MIL,FACE TIME BOURBON,35000,si,,https://www.its-aste.com/aste/asta-selezionata-yearlings-trottatori-5/
ITS Asta Selezionata Yearlings Trottatori 2024,90,IDYIA DI POGGIO,BAR HOPPING,22000,si,,https://www.its-aste.com/aste/asta-selezionata-yearlings-trottatori-5/
ITS Asta Selezionata Yearlings Trottatori 2024,91,ICE WISE AS,CALGARY GAMES,220000,si,,https://www.its-aste.com/aste/asta-selezionata-yearlings-trottatori-5/
ITS Asta Selezionata Yearlings Trottatori 2024,92,IRINA JET,MAHARAJAH,65000,si,,https://www.its-aste.com/aste/asta-selezionata-yearlings-trottatori-5/
ITS Asta Selezionata Yearlings Trottatori 2024,93,IMMORTALE STECCA,NAPOLEON BAR,8000,no,ricomprato dal venditore,https://www.its-aste.com/aste/asta-selezionata-yearlings-trottatori-5/
ITS Asta Selezionata Yearlings Trottatori 2024,95,IRON BIG LAKSMY,MAHARAJAH,42000,si,,https://www.its-aste.com/aste/asta-selezionata-yearlings-trottatori-5/
ITS Asta Selezionata Yearlings Trottatori 2024,96,IBERYS DI POGGIO,NUNCIO,10000,si,,https://www.its-aste.com/aste/asta-selezionata-yearlings-trottatori-5/
ITS Asta Selezionata Yearlings Trottatori 2024,97,IRIS GAR,GOOGOO GAAGAA,20000,si,,https://www.its-aste.com/aste/asta-selezionata-yearlings-trottatori-5/
ITS Asta Selezionata Yearlings Trottatori 2024,98,ICARO GLAMOUR,FATHER PATRICK,25000,no,ricomprato dal venditore,https://www.its-aste.com/aste/asta-selezionata-yearlings-trottatori-5/
ITS Asta Selezionata Yearlings Trottatori 2024,99,INIMITABLE,BAR HOPPING,28000,si,,https://www.its-aste.com/aste/asta-selezionata-yearlings-trottatori-5/
ITS Asta Selezionata Yearlings Trottatori 2024,100,ICARUS JET,MAHARAJAH,77000,si,,https://www.its-aste.com/aste/asta-selezionata-yearlings-trottatori-5/
ITS Asta Selezionata Yearlings Trottatori 2024,101,ISIDE DEGLI DEI,NAD AL SHEBA,20000,si,,https://www.its-aste.com/aste/asta-selezionata-yearlings-trottatori-5/
ITS Asta Selezionata Yearlings Trottatori 2024,102,ISENGAR WISE AS,EL IDEAL,35000,si,,https://www.its-aste.com/aste/asta-selezionata-yearlings-trottatori-5/
ITS Asta Selezionata Yearlings Trottatori 2024,103,IVAN BLUE GRIF,FATHER PATRICK,48000,no,ricomprato dal venditore,https://www.its-aste.com/aste/asta-selezionata-yearlings-trottatori-5/
ITS Asta Selezionata Yearlings Trottatori 2024,104,ISTRIA,EL IDEAL,28000,si,,https://www.its-aste.com/aste/asta-selezionata-yearlings-trottatori-5/
ITS Asta Selezionata Yearlings Trottatori 2024,105,ISTVUD OF BROWN,MAHARAJAH,18000,no,ricomprato dal venditore,https://www.its-aste.com/aste/asta-selezionata-yearlings-trottatori-5/
ITS Asta Selezionata Yearlings Trottatori 2024,106,I LOVE YOU AM,FACE TIME BOURBON,70000,si,,https://www.its-aste.com/aste/asta-selezionata-yearlings-trottatori-5/
ITS Asta Selezionata Yearlings Trottatori 2024,107,ISLAND TOP,NUNCIO,24000,si,,https://www.its-aste.com/aste/asta-selezionata-yearlings-trottatori-5/
ITS Asta Selezionata Yearlings Trottatori 2024,107bis,INSOMNIA CLUB,THE BANK,24000,no,ricomprato dal venditore,https://www.its-aste.com/aste/asta-selezionata-yearlings-trottatori-5/
ITS Asta Selezionata Yearlings Trottatori 2024,108,IN THE WIND GAR,CAPTAIN COREY,24000,si,,https://www.its-aste.com/aste/asta-selezionata-yearlings-trottatori-5/
ITS Asta Selezionata Yearlings Trottatori 2024,109,IKARIN BLUE GRIF,CALGARY GAMES,14000,no,ricomprato dal venditore,https://www.its-aste.com/aste/asta-selezionata-yearlings-trottatori-5/
ITS Asta Selezionata Yearlings Trottatori 2024,110,ILLIONS FAS,GOOGOO GAAGAA,11000,no,ricomprato dal venditore,https://www.its-aste.com/aste/asta-selezionata-yearlings-trottatori-5/
ITS Asta Selezionata Yearlings Trottatori 2024,111,IBERIA,BAR HOPPING,80000,si,,https://www.its-aste.com/aste/asta-selezionata-yearlings-trottatori-5/
ITS Asta Selezionata Yearlings Trottatori 2024,112,INTRIGO LUNARE,DONATO HANOVER,52000,si,,https://www.its-aste.com/aste/asta-selezionata-yearlings-trottatori-5/
ITS Asta Selezionata Yearlings Trottatori 2024,113,ICEBERG BI,READLY EXPRESS,60000,si,,https://www.its-aste.com/aste/asta-selezionata-yearlings-trottatori-5/
ITS Asta Selezionata Yearlings Trottatori 2024,114,IVONNE BAR,OROPURO BAR,30000,si,,https://www.its-aste.com/aste/asta-selezionata-yearlings-trottatori-5/
ITS Asta Selezionata Yearlings Trottatori 2024,115,IOSEF JET,CALGARY GAMES,20000,si,,https://www.its-aste.com/aste/asta-selezionata-yearlings-trottatori-5/
ITS Asta Selezionata Yearlings Trottatori 2024,116,INFINITY WISE L,FATHER PATRICK,30000,si,,https://www.its-aste.com/aste/asta-selezionata-yearlings-trottatori-5/
ITS Asta Selezionata Yearlings Trottatori 2024,117,IOWA ROAD GRIF,NAD AL SHEBA,24000,si,,https://www.its-aste.com/aste/asta-selezionata-yearlings-trottatori-5/
ITS Asta Selezionata Yearlings Trottatori 2024,118,IZOARD AS,MAHARAJAH,45000,si,,https://www.its-aste.com/aste/asta-selezionata-yearlings-trottatori-5/
ITS Asta Selezionata Yearlings Trottatori 2024,119,IRNERIO,EL IDEAL,25000,si,,https://www.its-aste.com/aste/asta-selezionata-yearlings-trottatori-5/
ITS Asta Selezionata Yearlings Trottatori 2024,120,IRON WISE L,MAHARAJAH,33000,si,,https://www.its-aste.com/aste/asta-selezionata-yearlings-trottatori-5/
ITS Asta Selezionata Yearlings Trottatori 2024,121,INTER SCHERMER,ADRIAN CHIP,14000,si,,https://www.its-aste.com/aste/asta-selezionata-yearlings-trottatori-5/
ITS Asta Selezionata Yearlings Trottatori 2024,122,I WILL FLY GAR,CAPTAIN COREY,29000,si,,https://www.its-aste.com/aste/asta-selezionata-yearlings-trottatori-5/
ITS Asta Selezionata Yearlings Trottatori 2024,123,IL DIAVOLO JET,WISHING STONE,30000,si,,https://www.its-aste.com/aste/asta-selezionata-yearlings-trottatori-5/
ITS Asta Selezionata Yearlings Trottatori 2024,124,IMA AS,READLY EXPRESS,20000,si,,https://www.its-aste.com/aste/asta-selezionata-yearlings-trottatori-5/
ITS Asta Selezionata Yearlings Trottatori 2024,125,ILLUSIONIST,FATHER PATRICK,40000,si,,https://www.its-aste.com/aste/asta-selezionata-yearlings-trottatori-5/
ITS Asta Selezionata Yearlings Trottatori 2024,126,INSIDE OUT BI,VARENNE,25000,si,,https://www.its-aste.com/aste/asta-selezionata-yearlings-trottatori-5/
ITS Asta Selezionata Yearlings Trottatori 2024,127,ISMENE DEGLI DEI,VARENNE,30000,si,,https://www.its-aste.com/aste/asta-selezionata-yearlings-trottatori-5/
ITS Asta Selezionata Yearlings Trottatori 2024,128,INES BIG LAKSMY,NAD AL SHEBA,16000,si,,https://www.its-aste.com/aste/asta-selezionata-yearlings-trottatori-5/
ITS Asta Selezionata Yearlings Trottatori 2024,129,INTERNATIONAL GAR,VICTOR GIO,33000,si,,https://www.its-aste.com/aste/asta-selezionata-yearlings-trottatori-5/
ITS Asta Selezionata Yearlings Trottatori 2024,130,IPPOLITO GRIF,NUNCIO,36000,si,,https://www.its-aste.com/aste/asta-selezionata-yearlings-trottatori-5/
ITS Asta Selezionata Yearlings Trottatori 2024,131,IMPOSSIBLE DREAM,FATHER PATRICK,25000,si,,https://www.its-aste.com/aste/asta-selezionata-yearlings-trottatori-5/
ITS Asta Selezionata Yearlings Trottatori 2024,132,INTERSTELLAR AS,READLY EXPRESS,55000,si,,https://www.its-aste.com/aste/asta-selezionata-yearlings-trottatori-5/
ITS Asta Selezionata Yearlings Trottatori 2024,133,IMOLAG STECCA,NAD AL SHEBA,13000,si,,https://www.its-aste.com/aste/asta-selezionata-yearlings-trottatori-5/
ITS Asta Selezionata Yearlings Trottatori 2024,134,INVISIBLE EFFE,HOHNECK,30000,si,,https://www.its-aste.com/aste/asta-selezionata-yearlings-trottatori-5/
ITS Asta Selezionata Yearlings Trottatori 2024,135,IRDIDDIO MIL,EL IDEAL,20000,no,ricomprato dal venditore,https://www.its-aste.com/aste/asta-selezionata-yearlings-trottatori-5/
ITS Asta Selezionata Yearlings Trottatori 2024,136,ITSWONDERFULL GAR,FACE TIME BOURBON,52000,si,,https://www.its-aste.com/aste/asta-selezionata-yearlings-trottatori-5/
ITS Asta Selezionata Yearlings Trottatori 2024,137,ISOT DI POGGIO,GELATI CUT,9000,si,,https://www.its-aste.com/aste/asta-selezionata-yearlings-trottatori-5/
ITS Asta Selezionata Yearlings Trottatori 2024,138,IDEFULL AS,EL IDEAL,40000,si,,https://www.its-aste.com/aste/asta-selezionata-yearlings-trottatori-5/
ITS Asta Selezionata Yearlings Trottatori 2024,139,INCONTRADA GRIF,GREEN MANALISHI,33000,no,ricomprato dal venditore,https://www.its-aste.com/aste/asta-selezionata-yearlings-trottatori-5/
ITS Asta Selezionata Yearlings Trottatori 2024,140,IDAKO SP,THE BANK,5000,si,,https://www.its-aste.com/aste/asta-selezionata-yearlings-trottatori-5/
ITS Asta Selezionata Yearlings Trottatori 2024,141,ISLANDIA,EL IDEAL,20000,si,,https://www.its-aste.com/aste/asta-selezionata-yearlings-trottatori-5/
ITS Asta Selezionata Yearlings Trottatori 2024,142,IRON FLASH BAR,OROPURO BAR,32000,si,,https://www.its-aste.com/aste/asta-selezionata-yearlings-trottatori-5/
ITS Asta Selezionata Yearlings Trottatori 2024,143,ICE KILLER GAR,GOOGOO GAAGAA,70000,si,,https://www.its-aste.com/aste/asta-selezionata-yearlings-trottatori-5/
ITS Asta Selezionata Yearlings Trottatori 2024,144,IRAZU FONT,HOHNECK,45000,si,,https://www.its-aste.com/aste/asta-selezionata-yearlings-trottatori-5/
ITS Asta Selezionata Yearlings Trottatori 2024,145,IDRA BI,TWISTER BI,14000,si,,https://www.its-aste.com/aste/asta-selezionata-yearlings-trottatori-5/
ITS Asta Selezionata Yearlings Trottatori 2024,146,ICE FIOR,VICTOR GIO,18000,si,,https://www.its-aste.com/aste/asta-selezionata-yearlings-trottatori-5/
ITS Asta Selezionata Yearlings Trottatori 2024,147,IOSEPH ZS,THE BANK,8000,no,ricomprato dal venditore,https://www.its-aste.com/aste/asta-selezionata-yearlings-trottatori-5/
ITS Asta Selezionata Yearlings Trottatori 2024,148,INN WISE AS,EL IDEAL,21000,si,,https://www.its-aste.com/aste/asta-selezionata-yearlings-trottatori-5/
ITS Asta Selezionata Yearlings Trottatori 2024,149,ISMAEL OF BROWN,THE BANK,,no,ricomprato dal venditore,https://www.its-aste.com/aste/asta-selezionata-yearlings-trottatori-5/
ITS Asta Selezionata Yearlings Trottatori 2024,151,IL BOSS JET,NUNCIO,13000,si,,https://www.its-aste.com/aste/asta-selezionata-yearlings-trottatori-5/
ITS Asta Selezionata Yearlings Trottatori 2024,152,INSTINCT BI,MANOFMANYMISSION,17000,no,ricomprato dal venditore,https://www.its-aste.com/aste/asta-selezionata-yearlings-trottatori-5/
ITS Asta Selezionata Yearlings Trottatori 2024,153,IVY DI GIRIFALCO,VARENNE,17000,si,,https://www.its-aste.com/aste/asta-selezionata-yearlings-trottatori-5/
ITS Asta Selezionata Yearlings Trottatori 2024,154,INZAGHI EFFE,ROBERT BI,10000,si,,https://www.its-aste.com/aste/asta-selezionata-yearlings-trottatori-5/
ITS Asta Selezionata Yearlings Trottatori 2024,155,IGOR WIND,VARENNE,15000,si,,https://www.its-aste.com/aste/asta-selezionata-yearlings-trottatori-5/
ITS Asta Selezionata Yearlings Trottatori 2024,156,IL DOGE ROB GRIF,BIRD PARKER,28000,si,,https://www.its-aste.com/aste/asta-selezionata-yearlings-trottatori-5/
ITS Asta Selezionata Yearlings Trottatori 2024,157,I'M COMING HOME,NAD AL SHEBA,,no,ricomprato dal venditore,https://www.its-aste.com/aste/asta-selezionata-yearlings-trottatori-5/
ITS Asta Selezionata Yearlings Trottatori 2024,158,IDEALE ITALIA,ADRIAN CHIP,6000,no,ricomprato dal venditore,https://www.its-aste.com/aste/asta-selezionata-yearlings-trottatori-5/
ITS Asta Selezionata Yearlings Trottatori 2024,161,ICON,CREATINE,26000,si,,https://www.its-aste.com/aste/asta-selezionata-yearlings-trottatori-5/
ITS Asta Selezionata Yearlings Trottatori 2024,162,IMPERO LEONE SAT,MAHARAJAH,10000,si,,https://www.its-aste.com/aste/asta-selezionata-yearlings-trottatori-5/
ITS Asta Selezionata Yearlings Trottatori 2024,163,IKANGO POINT,TONY GIO,6000,si,,https://www.its-aste.com/aste/asta-selezionata-yearlings-trottatori-5/
ITS Asta Selezionata Yearlings Trottatori 2024,164,IONIO,ADRIAN CHIP,24000,si,,https://www.its-aste.com/aste/asta-selezionata-yearlings-trottatori-5/
ITS Asta Selezionata Yearlings Trottatori 2024,167,INDOVINA BI,GOOGOO GAAGAA,16000,si,,https://www.its-aste.com/aste/asta-selezionata-yearlings-trottatori-5/
ITS Asta Selezionata Yearlings Trottatori 2024,168,INVICTUS CARAF,OROPURO BAR,,no,ricomprato dal venditore,https://www.its-aste.com/aste/asta-selezionata-yearlings-trottatori-5/
ITS Asta Selezionata Yearlings Trottatori 2024,169,IN THE DARK GIO,VICTOR GIO,9000,no,ricomprato dal venditore,https://www.its-aste.com/aste/asta-selezionata-yearlings-trottatori-5/
ITS Asta Selezionata Yearlings Trottatori 2024,170,ISIDORA DEGLI DEI,NAD AL SHEBA,10000,si,,https://www.its-aste.com/aste/asta-selezionata-yearlings-trottatori-5/
ITS Asta Selezionata Yearlings Trottatori 2024,171,NON STOP SEVEN DE,READLY EXPRESS,12000,si,,https://www.its-aste.com/aste/asta-selezionata-yearlings-trottatori-5/
ITS Asta Selezionata Yearlings Trottatori 2024,172,INNIS DI POGGIO,BRILLANTISSIME,15000,si,,https://www.its-aste.com/aste/asta-selezionata-yearlings-trottatori-5/
ITS Asta Selezionata Yearlings Trottatori 2024,173,ISTINTO LUX,MAHARAJAH,21000,si,,https://www.its-aste.com/aste/asta-selezionata-yearlings-trottatori-5/
ITS Asta Selezionata Yearlings Trottatori 2024,174,IMOLINA FERM,THE BANK,10000,no,ricomprato dal venditore,https://www.its-aste.com/aste/asta-selezionata-yearlings-trottatori-5/
ITS Asta Selezionata Yearlings Trottatori 2024,175,I JUST CALLED GAR,GOOGOO GAAGAA,,no,nessun compratore,https://www.its-aste.com/aste/asta-selezionata-yearlings-trottatori-5/
ITS Asta Selezionata Yearlings Trottatori 2024,176,IDA WISE L,GOOGOO GAAGAA,22000,si,,https://www.its-aste.com/aste/asta-selezionata-yearlings-trottatori-5/
ITS Asta Selezionata Yearlings Trottatori 2024,177,IWANAGA FONT,ROBERT BI,17000,si,,https://www.its-aste.com/aste/asta-selezionata-yearlings-trottatori-5/
ITS Asta Selezionata Yearlings Trottatori 2024,178,ISLAND MEN,OROPURO BAR,5000,si,,https://www.its-aste.com/aste/asta-selezionata-yearlings-trottatori-5/
ITS Asta Selezionata Yearlings Trottatori 2024,179,INTRECCIO FERM,THE BANK,4000,si,,https://www.its-aste.com/aste/asta-selezionata-yearlings-trottatori-5/
ITS Asta Selezionata Yearlings Trottatori 2024,180,INTENSITY D'ARC,FABULOUS WOOD,34000,si,,https://www.its-aste.com/aste/asta-selezionata-yearlings-trottatori-5/
ITS Asta Selezionata Yearlings Trottatori 2024,181,IDILLIO D'AMORE,MAGO D'AMORE,20000,si,,https://www.its-aste.com/aste/asta-selezionata-yearlings-trottatori-5/
ITS Asta Selezionata Yearlings Trottatori 2024,182,ICEHORSE,EL IDEAL,18000,si,,https://www.its-aste.com/aste/asta-selezionata-yearlings-trottatori-5/
ITS Asta Selezionata Yearlings Trottatori 2024,183,INVICTUS JET,MAHARAJAH,50000,si,,https://www.its-aste.com/aste/asta-selezionata-yearlings-trottatori-5/
ITS Asta Selezionata Yearlings Trottatori 2024,184,IDRO AS,EL IDEAL,16000,si,,https://www.its-aste.com/aste/asta-selezionata-yearlings-trottatori-5/
ITS Asta Selezionata Yearlings Trottatori 2024,185,ISCHIA,EL IDEAL,15000,si,,https://www.its-aste.com/aste/asta-selezionata-yearlings-trottatori-5/
ITS Asta Selezionata Yearlings Trottatori 2024,186,INDUCTION BAR,MAHARAJAH,20000,si,,https://www.its-aste.com/aste/asta-selezionata-yearlings-trottatori-5/
ITS Asta Selezionata Yearlings Trottatori 2024,187,IPANEMA BI,DONATO HANOVER,30000,no,ricomprato dal venditore,https://www.its-aste.com/aste/asta-selezionata-yearlings-trottatori-5/
ITS Asta Selezionata Yearlings Trottatori 2024,188,IMPLACABILE GAR,WISHING STONE,21000,si,,https://www.its-aste.com/aste/asta-selezionata-yearlings-trottatori-5/
ITS Asta Selezionata Yearlings Trottatori 2024,189,ILARY WIND,SIX PACK,3000,si,,https://www.its-aste.com/aste/asta-selezionata-yearlings-trottatori-5/
ITS Asta Selezionata Yearlings Trottatori 2024,190,INOX GRIF,BIRD PARKER,25000,si,,https://www.its-aste.com/aste/asta-selezionata-yearlings-trottatori-5/
ITS Asta Selezionata Yearlings Trottatori 2024,191,I GIVE HOPE,HELP IS ON THE WAY,14000,no,ricomprato dal venditore,https://www.its-aste.com/aste/asta-selezionata-yearlings-trottatori-5/
ITS Asta Selezionata Yearlings Trottatori 2024,192,IN SPEED WISE L,SIX PACK,22000,si,,https://www.its-aste.com/aste/asta-selezionata-yearlings-trottatori-5/
ITS Asta Selezionata Yearlings Trottatori 2024,193,IBRA BIG LAKSMY,MAHARAJAH,30000,si,,https://www.its-aste.com/aste/asta-selezionata-yearlings-trottatori-5/
ITS Asta Selezionata Yearlings Trottatori 2024,194,IN CAELO ART,BIRD PARKER,32000,si,,https://www.its-aste.com/aste/asta-selezionata-yearlings-trottatori-5/
ITS Asta Selezionata Yearlings Trottatori 2024,195,INFINITY GAR,WISHING STONE,17000,si,,https://www.its-aste.com/aste/asta-selezionata-yearlings-trottatori-5/
ITS Asta Selezionata Yearlings Trottatori 2024,196,ISPANIA,VIVID WISE AS,20000,si,,https://www.its-aste.com/aste/asta-selezionata-yearlings-trottatori-5/
ITS Asta Selezionata Yearlings Trottatori 2024,197,IBN EL IDEAL MIL,EL IDEAL,20000,si,,https://www.its-aste.com/aste/asta-selezionata-yearlings-trottatori-5/
ITS Asta Selezionata Yearlings Trottatori 2024,198,ISABELLA D'ARC,NAD AL SHEBA,18000,si,,https://www.its-aste.com/aste/asta-selezionata-yearlings-trottatori-5/
ITS Asta Selezionata Yearlings Trottatori 2024,199,IRIS JET,MAHARAJAH,,no,ricomprato dal venditore,https://www.its-aste.com/aste/asta-selezionata-yearlings-trottatori-5/
ITS Asta Selezionata Yearlings Trottatori 2024,201,ISIDORA BI,WISHING STONE,10000,si,,https://www.its-aste.com/aste/asta-selezionata-yearlings-trottatori-5/
ITS Asta Selezionata Yearlings Trottatori 2024,202,ILEO DEGLI DEI,EL IDEAL,9000,si,,https://www.its-aste.com/aste/asta-selezionata-yearlings-trottatori-5/
ITS Asta Selezionata Yearlings Trottatori 2024,203,ILEAN DI POGGIO,EL IDEAL,12000,si,,https://www.its-aste.com/aste/asta-selezionata-yearlings-trottatori-5/
ITS Asta Selezionata Yearlings Trottatori 2024,204,IRA FERM,MISTER J P,12000,si,,https://www.its-aste.com/aste/asta-selezionata-yearlings-trottatori-5/
ITS Asta Selezionata Yearlings Trottatori 2024,205,IAGO DI GIRIFALCO,GOOGOO GAAGAA,12000,si,,https://www.its-aste.com/aste/asta-selezionata-yearlings-trottatori-5/
ITS Asta Selezionata Yearlings Trottatori 2024,206,IGINIO EFFE,MAHARAJAH,15000,si,,https://www.its-aste.com/aste/asta-selezionata-yearlings-trottatori-5/
ITS Asta Selezionata Yearlings Trottatori 2024,207,ITAN PAL FERM,THE BANK,11000,si,,https://www.its-aste.com/aste/asta-selezionata-yearlings-trottatori-5/
ITS Asta Selezionata Yearlings Trottatori 2024,208,IRWIN FAS,ZACON GIO,13000,si,,https://www.its-aste.com/aste/asta-selezionata-yearlings-trottatori-5/
ITS Asta Selezionata Yearlings Trottatori 2024,209,INTERNATIONALCON,BIRD PARKER,10000,si,,https://www.its-aste.com/aste/asta-selezionata-yearlings-trottatori-5/
ITS Asta Selezionata Yearlings Trottatori 2024,210,ITSMYLIFE,MAHARAJAH,35000,si,,https://www.its-aste.com/aste/asta-selezionata-yearlings-trottatori-5/
ITS Asta Selezionata Yearlings Trottatori 2024,212,INDIA,THE BANK,14000,si,,https://www.its-aste.com/aste/asta-selezionata-yearlings-trottatori-5/
ITS Asta Selezionata Yearlings Trottatori 2024,213,INTERCITY AS,EL IDEAL,26000,si,,https://www.its-aste.com/aste/asta-selezionata-yearlings-trottatori-5/
ITS Asta Selezionata Yearlings Trottatori 2024,214,IMAGE WISE L,DONATO HANOVER,12000,si,,https://www.its-aste.com/aste/asta-selezionata-yearlings-trottatori-5/
ITS Asta Selezionata Yearlings Trottatori 2024,215,ICHNUSA BAR,NAD AL SHEBA,17000,si,,https://www.its-aste.com/aste/asta-selezionata-yearlings-trottatori-5/
ITS Asta Selezionata Yearlings Trottatori 2024,216,IN VOLO BI,MANOFMANYMISSION,11000,si,,https://www.its-aste.com/aste/asta-selezionata-yearlings-trottatori-5/
ITS Asta Selezionata Yearlings Trottatori 2024,217,IRIDE DEGLI DEI,EL IDEAL,13000,si,,https://www.its-aste.com/aste/asta-selezionata-yearlings-trottatori-5/
ITS Asta Selezionata Yearlings Trottatori 2024,218,ISTAR,TRIXTON,8000,si,,https://www.its-aste.com/aste/asta-selezionata-yearlings-trottatori-5/
ITS Asta Selezionata Yearlings Trottatori 2024,219,IRIS DI GIRIFALCO,DONATO HANOVER,8000,si,,https://www.its-aste.com/aste/asta-selezionata-yearlings-trottatori-5/
ITS Asta Selezionata Yearlings Trottatori 2024,220,INWIND WISE L,INTERNATIONAL MONI,4000,no,ricomprato dal venditore,https://www.its-aste.com/aste/asta-selezionata-yearlings-trottatori-5/
ITS Asta Selezionata Yearlings Trottatori 2024,221,ISOPACH,MAHARAJAH,19000,si,,https://www.its-aste.com/aste/asta-selezionata-yearlings-trottatori-5/
ITS Asta Selezionata Yearlings Trottatori 2024,222,ICEBERG LAKSMY,NAD AL SHEBA,16000,si,,https://www.its-aste.com/aste/asta-selezionata-yearlings-trottatori-5/
ITS Asta Selezionata Yearlings Trottatori 2024,224,IRREVERENT POINT,TONY GIO,7000,si,,https://www.its-aste.com/aste/asta-selezionata-yearlings-trottatori-5/
ITS Asta Selezionata Yearlings Trottatori 2024,225,IACOPO JET,WISHING STONE,12000,si,,https://www.its-aste.com/aste/asta-selezionata-yearlings-trottatori-5/
ITS Asta Selezionata Yearlings Trottatori 2024,226,INCANTO DEGLI DEI,EL IDEAL,10000,si,,https://www.its-aste.com/aste/asta-selezionata-yearlings-trottatori-5/
ITS Asta Selezionata Yearlings Trottatori 2024,227,IRMINE DI POGGIO,VALZER DI POGGIO,7000,si,,https://www.its-aste.com/aste/asta-selezionata-yearlings-trottatori-5/
ITS Asta Selezionata Yearlings Trottatori 2024,228,IUNO LUX,HELP IS ON THE WAY,17000,no,ricomprato dal venditore,https://www.its-aste.com/aste/asta-selezionata-yearlings-trottatori-5/
ITS Asta Selezionata Yearlings Trottatori 2024,229,INTERLAND AS DE,PASCIA' LEST,25000,si,,https://www.its-aste.com/aste/asta-selezionata-yearlings-trottatori-5/
ITS Asta Selezionata Yearlings Trottatori 2024,230,I'M FLOATING HOME,DONATO HANOVER,5000,si,,https://www.its-aste.com/aste/asta-selezionata-yearlings-trottatori-5/
ITS Asta Selezionata Yearlings Trottatori 2024,231,ITALIA ITALIA,THE BANK,9000,si,,https://www.its-aste.com/aste/asta-selezionata-yearlings-trottatori-5/
ITS Asta Selezionata Yearlings Trottatori 2024,232,IDEAL LOVE AS,EL IDEAL,9000,no,ricomprato dal venditore,https://www.its-aste.com/aste/asta-selezionata-yearlings-trottatori-5/
ITS Asta Selezionata Yearlings Trottatori 2024,233,IMPERO JET,MAHARAJAH,24000,si,,https://www.its-aste.com/aste/asta-selezionata-yearlings-trottatori-5/
ITS Asta Selezionata Yearlings Trottatori 2024,234,INOX BI,EQUINOX BI,20000,si,,https://www.its-aste.com/aste/asta-selezionata-yearlings-trottatori-5/
ITS Asta Selezionata Yearlings Trottatori 2024,235,IN THE DARK,OROPURO BAR,6000,no,nessun compratore,https://www.its-aste.com/aste/asta-selezionata-yearlings-trottatori-5/
ITS Asta Selezionata Yearlings Trottatori 2024,236,ITACA GRIF,ROBERT BI,22000,si,,https://www.its-aste.com/aste/asta-selezionata-yearlings-trottatori-5/
ITS Asta Selezionata Yearlings Trottatori 2024,237,IPSILON WISE AS,TROLLEY,17000,si,,https://www.its-aste.com/aste/asta-selezionata-yearlings-trottatori-5/
ITS Asta Selezionata Yearlings Trottatori 2024,238,ICE BIG LAKSMY,THE BANK,12000,si,,https://www.its-aste.com/aste/asta-selezionata-yearlings-trottatori-5/
ITS Asta Selezionata Yearlings Trottatori 2024,239,INSTANBUL WISE AS,TROLLEY,14000,si,,https://www.its-aste.com/aste/asta-selezionata-yearlings-trottatori-5/
ITS Asta Selezionata Yearlings Trottatori 2024,240,INDICA JET,TWISTER BI,8000,si,,https://www.its-aste.com/aste/asta-selezionata-yearlings-trottatori-5/
ITS Asta Selezionata Yearlings Trottatori 2024,241,ITS SO EASY BI,TWISTER BI,11000,si,,https://www.its-aste.com/aste/asta-selezionata-yearlings-trottatori-5/
ITS Asta Selezionata Yearlings Trottatori 2024,242,INCUBO WISE L,THE BANK,13000,si,,https://www.its-aste.com/aste/asta-selezionata-yearlings-trottatori-5/
ITS Asta Selezionata Yearlings Trottatori 2024,243,ISABEL,NUNCIO,12000,si,,https://www.its-aste.com/aste/asta-selezionata-yearlings-trottatori-5/
ITS Asta Selezionata Yearlings Trottatori 2024,244,ISFAHAN MIL,EL IDEAL,6000,si,,https://www.its-aste.com/aste/asta-selezionata-yearlings-trottatori-5/
ITS Asta Selezionata Yearlings Trottatori 2024,245,IRA LEONE SAT,ROBERT BI,,no,ricomprato dal venditore,https://www.its-aste.com/aste/asta-selezionata-yearlings-trottatori-5/
ITS Asta Selezionata Yearlings Trottatori 2024,246,IMMA IN LOVE,MANOFMANYMISSION,7000,si,,https://www.its-aste.com/aste/asta-selezionata-yearlings-trottatori-5/
ITS Asta Selezionata Yearlings Trottatori 2024,247,ITACA WISE L,TROLLEY,11000,si,,https://www.its-aste.com/aste/asta-selezionata-yearlings-trottatori-5/
ITS Asta Selezionata Yearlings Trottatori 2024,248,ISEO AS,VIVID WISE AS,20000,si,,https://www.its-aste.com/aste/asta-selezionata-yearlings-trottatori-5/
ITS Asta Selezionata Yearlings Trottatori 2024,249,IRON LADY EFFE,NUNCIO,11000,no,ricomprato dal venditore,https://www.its-aste.com/aste/asta-selezionata-yearlings-trottatori-5/
ITS Asta Selezionata Yearlings Trottatori 2024,250,INK WISE L,TROLLEY,15000,si,,https://www.its-aste.com/aste/asta-selezionata-yearlings-trottatori-5/
ITS Asta Selezionata Yearlings Trottatori 2024,251,IARAWA AS,EL IDEAL,12000,si,,https://www.its-aste.com/aste/asta-selezionata-yearlings-trottatori-5/
"Asta ANACT yearlings, risultati ufficiali",29,MOIRA GRIF,DONATO HANOVER,38000,si,,https://www.gaet.it/notizie/daily/asta-anact-risultati-ufficiali
"Asta ANACT yearlings, risultati ufficiali",146,MIURA LUX,MAHARAJAH,30000,si,,https://www.gaet.it/notizie/daily/asta-anact-risultati-ufficiali
"Asta ANACT yearlings, risultati ufficiali",97,MUCH MORE,IDAO DE TILLARD,28000,si,,https://www.gaet.it/notizie/daily/asta-anact-risultati-ufficiali
"Asta ANACT yearlings, risultati ufficiali",132,MEGARA DEGLI DEI,THE BANK,27000,si,,https://www.gaet.it/notizie/daily/asta-anact-risultati-ufficiali
"Asta ANACT yearlings, risultati ufficiali",24,MERCEDES FERM,NAD AL SHEBA,26000,si,,https://www.gaet.it/notizie/daily/asta-anact-risultati-ufficiali
"Asta ANACT yearlings, risultati ufficiali",63,MUSTANG D'ARC,ADRIAN CHIP,25000,si,,https://www.gaet.it/notizie/daily/asta-anact-risultati-ufficiali
"Asta ANACT yearlings, risultati ufficiali",38,MARYROSE,FATHER PATRICK,24000,no,nessun acquirente,https://www.gaet.it/notizie/daily/asta-anact-risultati-ufficiali
"Asta ANACT yearlings, risultati ufficiali",130,MELODIA BI,VERNISSAGE GRIF,22000,si,,https://www.gaet.it/notizie/daily/asta-anact-risultati-ufficiali
"Asta ANACT yearlings, risultati ufficiali",27,MONTOZZI BIEFFE,ALRAJAH ONE,21000,si,,https://www.gaet.it/notizie/daily/asta-anact-risultati-ufficiali
"Asta ANACT yearlings, risultati ufficiali",109,MATCH BI,BEPI BI,20000,no,nessun acquirente,https://www.gaet.it/notizie/daily/asta-anact-risultati-ufficiali
"Asta ANACT yearlings, risultati ufficiali",136,MACARENA BI,VARENNE,20000,si,,https://www.gaet.it/notizie/daily/asta-anact-risultati-ufficiali
"Asta ANACT yearlings, risultati ufficiali",16,MARLON DL,MAHARAJAH,20000,si,,https://www.gaet.it/notizie/daily/asta-anact-risultati-ufficiali
"Asta ANACT yearlings, risultati ufficiali",143,MARRAKECH VIMAR,MAHARAJAH,20000,si,,https://www.gaet.it/notizie/daily/asta-anact-risultati-ufficiali
"Asta ANACT yearlings, risultati ufficiali",92,MIAMI DREAM,MAHARAJAH,20000,no,nessun acquirente,https://www.gaet.it/notizie/daily/asta-anact-risultati-ufficiali
"Asta ANACT yearlings, risultati ufficiali",22,MIXER BI,VERNISSAGE GRIF,19000,si,,https://www.gaet.it/notizie/daily/asta-anact-risultati-ufficiali
"Asta ANACT yearlings, risultati ufficiali",64,MARTE LUX,MAHARAJAH,19000,no,nessun acquirente,https://www.gaet.it/notizie/daily/asta-anact-risultati-ufficiali
"Asta ANACT yearlings, risultati ufficiali",42,MANTO DEI SOGNI,ALRAJAH ONE,18000,si,,https://www.gaet.it/notizie/daily/asta-anact-risultati-ufficiali
"Asta ANACT yearlings, risultati ufficiali",142,MINOSSE,GREENSHOE,18000,no,nessun acquirente,https://www.gaet.it/notizie/daily/asta-anact-risultati-ufficiali
"Asta ANACT yearlings, risultati ufficiali",57,MONTGOMERY GRIF,ALRAJAH ONE,17000,si,,https://www.gaet.it/notizie/daily/asta-anact-risultati-ufficiali
"Asta ANACT yearlings, risultati ufficiali",94,MONFORTE GRIF,SOUTHWIND FRANK,17000,si,,https://www.gaet.it/notizie/daily/asta-anact-risultati-ufficiali
"Asta ANACT yearlings, risultati ufficiali",139,MIRABILE LUX,READLY EXPRESS,17000,si,,https://www.gaet.it/notizie/daily/asta-anact-risultati-ufficiali
"Asta ANACT yearlings, risultati ufficiali",103,MARY JET,ONAS PRINCE,17000,si,,https://www.gaet.it/notizie/daily/asta-anact-risultati-ufficiali
"Asta ANACT yearlings, risultati ufficiali",151,MAORI BIG LAKSMY,NAD AL SHEBA,17000,si,,https://www.gaet.it/notizie/daily/asta-anact-risultati-ufficiali
"Asta ANACT yearlings, risultati ufficiali",34,MUNK BIG LAKSMY,NAD AL SHEBA,17000,no,nessun acquirente,https://www.gaet.it/notizie/daily/asta-anact-risultati-ufficiali
"Asta ANACT yearlings, risultati ufficiali",80,MARSHALL BI,VICTOR GIO,16000,si,,https://www.gaet.it/notizie/daily/asta-anact-risultati-ufficiali
"Asta ANACT yearlings, risultati ufficiali",77,MISTICA LUX,CALGARY GAMES,16000,si,,https://www.gaet.it/notizie/daily/asta-anact-risultati-ufficiali
"Asta ANACT yearlings, risultati ufficiali",44,MAZZANO AS,TROLLEY,16000,si,,https://www.gaet.it/notizie/daily/asta-anact-risultati-ufficiali
"Asta ANACT yearlings, risultati ufficiali",84,MONSIEUR GIO,VICTOR GIO,16000,si,,https://www.gaet.it/notizie/daily/asta-anact-risultati-ufficiali
"Asta ANACT yearlings, risultati ufficiali",96,MACARENA FONT,BIRD PARKER F,16000,si,,https://www.gaet.it/notizie/daily/asta-anact-risultati-ufficiali
"Asta ANACT yearlings, risultati ufficiali",30,MORRIGAN FONT,ALRAJAH ONE,16000,si,,https://www.gaet.it/notizie/daily/asta-anact-risultati-ufficiali
"Asta ANACT yearlings, risultati ufficiali",82,MUSA DEGLI DEI,EL IDEAL,16000,si,,https://www.gaet.it/notizie/daily/asta-anact-risultati-ufficiali
"Asta ANACT yearlings, risultati ufficiali",125,MIACON ART,RESOLVE,16000,si,,https://www.gaet.it/notizie/daily/asta-anact-risultati-ufficiali
"Asta ANACT yearlings, risultati ufficiali",31,MATADOR STECCA,MAHARAJAH,16000,si,,https://www.gaet.it/notizie/daily/asta-anact-risultati-ufficiali
"Asta ANACT yearlings, risultati ufficiali",67,MACADAMIA,VITRUVIO,15000,si,,https://www.gaet.it/notizie/daily/asta-anact-risultati-ufficiali
"Asta ANACT yearlings, risultati ufficiali",91,MAN IN BLACK BI,DONATO HANOVER,15000,si,,https://www.gaet.it/notizie/daily/asta-anact-risultati-ufficiali
"Asta ANACT yearlings, risultati ufficiali",43,MAFALDA GRIF,VERNISSAGE GRIF,15000,si,,https://www.gaet.it/notizie/daily/asta-anact-risultati-ufficiali
"Asta ANACT yearlings, risultati ufficiali",20,MICOL GRIF,DONATO HANOVER,15000,si,,https://www.gaet.it/notizie/daily/asta-anact-risultati-ufficiali
"Asta ANACT yearlings, risultati ufficiali",66,MOON AS,EL IDEAL,15000,si,,https://www.gaet.it/notizie/daily/asta-anact-risultati-ufficiali
"Asta ANACT yearlings, risultati ufficiali",15,MENABREA FONT,RINGOSTARR TREB,15000,si,,https://www.gaet.it/notizie/daily/asta-anact-risultati-ufficiali
"Asta ANACT yearlings, risultati ufficiali",41,MACHU PICCHU,FABULOUS WOOD,14000,no,nessun acquirente,https://www.gaet.it/notizie/daily/asta-anact-risultati-ufficiali
"Asta ANACT yearlings, risultati ufficiali",73,MANUELA GRIF,VICTOR GIO,14000,si,,https://www.gaet.it/notizie/daily/asta-anact-risultati-ufficiali
"Asta ANACT yearlings, risultati ufficiali",70,MALACHITE FONT,MISTER F DAAG,14000,si,,https://www.gaet.it/notizie/daily/asta-anact-risultati-ufficiali
"Asta ANACT yearlings, risultati ufficiali",3,MANITOU DI POGGIO,MAHARAJAH,14000,si,,https://www.gaet.it/notizie/daily/asta-anact-risultati-ufficiali
"Asta ANACT yearlings, risultati ufficiali",156,MAROCCO JET,IGOR FONT,14000,si,,https://www.gaet.it/notizie/daily/asta-anact-risultati-ufficiali
"Asta ANACT yearlings, risultati ufficiali",119,MARIPOSA GRIF,DONATO HANOVER,13000,si,,https://www.gaet.it/notizie/daily/asta-anact-risultati-ufficiali
"Asta ANACT yearlings, risultati ufficiali",37,MATTEUS DI POGGIO,SIX PACK,13000,si,,https://www.gaet.it/notizie/daily/asta-anact-risultati-ufficiali
"Asta ANACT yearlings, risultati ufficiali",62,MITICA JET,BENGURION JET,13000,si,,https://www.gaet.it/notizie/daily/asta-anact-risultati-ufficiali
"Asta ANACT yearlings, risultati ufficiali",123,MERCEDES DODA,NAD AL SHEBA,13000,no,nessun acquirente,https://www.gaet.it/notizie/daily/asta-anact-risultati-ufficiali
"Asta ANACT yearlings, risultati ufficiali",9,MIO AMORE ART,HOHNECK,13000,no,nessun acquirente,https://www.gaet.it/notizie/daily/asta-anact-risultati-ufficiali
"Asta ANACT yearlings, risultati ufficiali",2,MAGIC MUSHROOM,READLY EXPRESS,13000,si,,https://www.gaet.it/notizie/daily/asta-anact-risultati-ufficiali
"Asta ANACT yearlings, risultati ufficiali",150,MOLDAVIA,VIVID WISE AS,12000,si,,https://www.gaet.it/notizie/daily/asta-anact-risultati-ufficiali
"Asta ANACT yearlings, risultati ufficiali",46,MORE EASY BI,DONATO HANOVER,12000,si,,https://www.gaet.it/notizie/daily/asta-anact-risultati-ufficiali
"Asta ANACT yearlings, risultati ufficiali",81,MANFRED FERM,EVERY TIME BOURBON,12000,si,,https://www.gaet.it/notizie/daily/asta-anact-risultati-ufficiali
"Asta ANACT yearlings, risultati ufficiali",4,MARAVILLA D'ARC,SOUTHWIND FRANK,12000,si,,https://www.gaet.it/notizie/daily/asta-anact-risultati-ufficiali
"Asta ANACT yearlings, risultati ufficiali",74,MANHATTAN JET,TWISTER BI,12000,si,,https://www.gaet.it/notizie/daily/asta-anact-risultati-ufficiali
"Asta ANACT yearlings, risultati ufficiali",124,MARILYN JET,MAHARAJAH,12000,si,,https://www.gaet.it/notizie/daily/asta-anact-risultati-ufficiali
"Asta ANACT yearlings, risultati ufficiali",33,MASSIMO JET,JUSTICE,12000,si,,https://www.gaet.it/notizie/daily/asta-anact-risultati-ufficiali
"Asta ANACT yearlings, risultati ufficiali",101,MAVERICK,EL IDEAL,12000,si,,https://www.gaet.it/notizie/daily/asta-anact-risultati-ufficiali
"Asta ANACT yearlings, risultati ufficiali",118,MONDIAL VICTORY,BIRD PARKER F,12000,no,nessun acquirente,https://www.gaet.it/notizie/daily/asta-anact-risultati-ufficiali
"Asta ANACT yearlings, risultati ufficiali",86,MUGLER,MAHARAJAH,12000,si,,https://www.gaet.it/notizie/daily/asta-anact-risultati-ufficiali
"Asta ANACT yearlings, risultati ufficiali",19,MAREA ZACK,SOUTHWIND FRANK,12000,no,nessun acquirente,https://www.gaet.it/notizie/daily/asta-anact-risultati-ufficiali
"Asta ANACT yearlings, risultati ufficiali",40,MARK DI GIRIFALCO,DONATO HANOVER,12000,si,,https://www.gaet.it/notizie/daily/asta-anact-risultati-ufficiali
"Asta ANACT yearlings, risultati ufficiali",138,MAY BEE BI,BEPI BI,11000,si,,https://www.gaet.it/notizie/daily/asta-anact-risultati-ufficiali
"Asta ANACT yearlings, risultati ufficiali",157,MAURICE FERM,DIMITRI FERM,11000,si,,https://www.gaet.it/notizie/daily/asta-anact-risultati-ufficiali
"Asta ANACT yearlings, risultati ufficiali",129,MOONLIT DI POGGIO,DONATO HANOVER,11000,no,nessun acquirente,https://www.gaet.it/notizie/daily/asta-anact-risultati-ufficiali
"Asta ANACT yearlings, risultati ufficiali",11,MARCUS DI NO,NAD AL SHEBA,11000,no,acquirente uguale al venditore,https://www.gaet.it/notizie/daily/asta-anact-risultati-ufficiali
"Asta ANACT yearlings, risultati ufficiali",69,MATADOR BI,BEPI BI,10000,si,,https://www.gaet.it/notizie/daily/asta-anact-risultati-ufficiali
"Asta ANACT yearlings, risultati ufficiali",61,MERCEDES MSS,TESORO DEGLI DEI,10000,si,,https://www.gaet.it/notizie/daily/asta-anact-risultati-ufficiali
"Asta ANACT yearlings, risultati ufficiali",51,MADEIRA LUX,MAHARAJAH,10000,si,,https://www.gaet.it/notizie/daily/asta-anact-risultati-ufficiali
"Asta ANACT yearlings, risultati ufficiali",21,MAHARA AS,MAHARAJAH,10000,si,,https://www.gaet.it/notizie/daily/asta-anact-risultati-ufficiali
"Asta ANACT yearlings, risultati ufficiali",128,MATADOR MIL,EL IDEAL,10000,si,,https://www.gaet.it/notizie/daily/asta-anact-risultati-ufficiali
"Asta ANACT yearlings, risultati ufficiali",28,MAMBO BIG LAKSMY,VOLSTEAD,10000,no,nessun acquirente,https://www.gaet.it/notizie/daily/asta-anact-risultati-ufficiali
"Asta ANACT yearlings, risultati ufficiali",39,MILADYCON,ZACCARIA BAR,10000,si,,https://www.gaet.it/notizie/daily/asta-anact-risultati-ufficiali
"Asta ANACT yearlings, risultati ufficiali",145,MOLVENO DI NO,NAD AL SHEBA,10000,no,nessun acquirente,https://www.gaet.it/notizie/daily/asta-anact-risultati-ufficiali
"Asta ANACT yearlings, risultati ufficiali",68,MINOU GIO,VICTOR GIO,10000,si,,https://www.gaet.it/notizie/daily/asta-anact-risultati-ufficiali
"Asta ANACT yearlings, risultati ufficiali",102,MELODY DEGLI DEI,EL IDEAL,10000,si,,https://www.gaet.it/notizie/daily/asta-anact-risultati-ufficiali
"Asta ANACT yearlings, risultati ufficiali",18,MITO ZACK,SOUTHWIND FRANK,10000,no,nessun acquirente,https://www.gaet.it/notizie/daily/asta-anact-risultati-ufficiali
"Asta ANACT yearlings, risultati ufficiali",8,MAVERIC ZIL,EL IDEAL,10000,si,,https://www.gaet.it/notizie/daily/asta-anact-risultati-ufficiali
"Asta ANACT yearlings, risultati ufficiali",93,MALIBU' BI,BEPI BI,9000,si,,https://www.gaet.it/notizie/daily/asta-anact-risultati-ufficiali
"Asta ANACT yearlings, risultati ufficiali",141,MATILDE GRIF,DONATO HANOVER,9000,si,,https://www.gaet.it/notizie/daily/asta-anact-risultati-ufficiali
"Asta ANACT yearlings, risultati ufficiali",17,MORGANA LUX,NAD AL SHEBA,9000,si,,https://www.gaet.it/notizie/daily/asta-anact-risultati-ufficiali
"Asta ANACT yearlings, risultati ufficiali",126,MORFEO JET,BENGURION JET,9000,si,,https://www.gaet.it/notizie/daily/asta-anact-risultati-ufficiali
"Asta ANACT yearlings, risultati ufficiali",88,MISTICA JET,CAPITAL MAIL,9000,si,,https://www.gaet.it/notizie/daily/asta-anact-risultati-ufficiali
"Asta ANACT yearlings, risultati ufficiali",26,MELODIA DODA,NAD AL SHEBA,9000,si,,https://www.gaet.it/notizie/daily/asta-anact-risultati-ufficiali
"Asta ANACT yearlings, risultati ufficiali",87,MATRIX ALKY DI NO,RINGOSTARR TREB,9000,si,,https://www.gaet.it/notizie/daily/asta-anact-risultati-ufficiali
"Asta ANACT yearlings, risultati ufficiali",122,MARTA DL,AXL ROSE,9000,no,nessun acquirente,https://www.gaet.it/notizie/daily/asta-anact-risultati-ufficiali
"Asta ANACT yearlings, risultati ufficiali",108,MOLTRES CAS,ALRAJAH ONE,9000,no,nessun acquirente,https://www.gaet.it/notizie/daily/asta-anact-risultati-ufficiali
"Asta ANACT yearlings, risultati ufficiali",49,MARIENNE VIMAR,READLY EXPRESS,9000,no,nessun acquirente,https://www.gaet.it/notizie/daily/asta-anact-risultati-ufficiali
"Asta ANACT yearlings, risultati ufficiali",148,MITSKI,DIMITRI FERM,8000,si,,https://www.gaet.it/notizie/daily/asta-anact-risultati-ufficiali
"Asta ANACT yearlings, risultati ufficiali",50,MELROSE STAR SM,RINGOSTARR TREB,8000,si,,https://www.gaet.it/notizie/daily/asta-anact-risultati-ufficiali
"Asta ANACT yearlings, risultati ufficiali",89,MIDNIGHT GRIF,VERNISSAGE GRIF,8000,si,,https://www.gaet.it/notizie/daily/asta-anact-risultati-ufficiali
"Asta ANACT yearlings, risultati ufficiali",144,MAZINGA GRIF,SOUTHWIND FRANK,8000,si,,https://www.gaet.it/notizie/daily/asta-anact-risultati-ufficiali
"Asta ANACT yearlings, risultati ufficiali",23,MOENA ROB GRIF,ZACON GIO,8000,si,,https://www.gaet.it/notizie/daily/asta-anact-risultati-ufficiali
"Asta ANACT yearlings, risultati ufficiali",153,MITICA GIFONT,RINGOSTARR TREB,8000,si,,https://www.gaet.it/notizie/daily/asta-anact-risultati-ufficiali
"Asta ANACT yearlings, risultati ufficiali",90,MADRID BIG LAKSMY,INTERNATIONAL MONI,8000,si,,https://www.gaet.it/notizie/daily/asta-anact-risultati-ufficiali
"Asta ANACT yearlings, risultati ufficiali",99,MAGIC ROBERT,ZACCARIA BAR,8000,si,,https://www.gaet.it/notizie/daily/asta-anact-risultati-ufficiali
"Asta ANACT yearlings, risultati ufficiali",133,MEDUSA MSS,TESORO DEGLI DEI,8000,si,,https://www.gaet.it/notizie/daily/asta-anact-risultati-ufficiali
"Asta ANACT yearlings, risultati ufficiali",6,MILLIONER GIEGI,SOUTHWIND FRANK,8000,no,nessun acquirente,https://www.gaet.it/notizie/daily/asta-anact-risultati-ufficiali
"Asta ANACT yearlings, risultati ufficiali",71,MIAMI GIEGI,ALRAJAH ONE,8000,no,nessun acquirente,https://www.gaet.it/notizie/daily/asta-anact-risultati-ufficiali
"Asta ANACT yearlings, risultati ufficiali",104,MIOSS STAR SM,RINGOSTARR TREB,7000,no,nessun acquirente,https://www.gaet.it/notizie/daily/asta-anact-risultati-ufficiali
"Asta ANACT yearlings, risultati ufficiali",1,MAI DIRE MAI BI,MANOFMANYMISSIONS,7000,no,nessun acquirente,https://www.gaet.it/notizie/daily/asta-anact-risultati-ufficiali
"Asta ANACT yearlings, risultati ufficiali",52,MAUI BI,INTERNATIONAL MONI,7000,si,,https://www.gaet.it/notizie/daily/asta-anact-risultati-ufficiali
"Asta ANACT yearlings, risultati ufficiali",114,MEETING AS,EL IDEAL,7000,si,,https://www.gaet.it/notizie/daily/asta-anact-risultati-ufficiali
"Asta ANACT yearlings, risultati ufficiali",58,MOJITO BIG LAKSMY,INTERNATIONAL MONI,7000,si,,https://www.gaet.it/notizie/daily/asta-anact-risultati-ufficiali
"Asta ANACT yearlings, risultati ufficiali",13,MIRKO JET,VITRUVIO,7000,si,,https://www.gaet.it/notizie/daily/asta-anact-risultati-ufficiali
"Asta ANACT yearlings, risultati ufficiali",12,MIKE JET,VITRUVIO,7000,si,,https://www.gaet.it/notizie/daily/asta-anact-risultati-ufficiali
"Asta ANACT yearlings, risultati ufficiali",120,MONEY WIN SURE,DIMITRI FERM,7000,si,,https://www.gaet.it/notizie/daily/asta-anact-risultati-ufficiali
"Asta ANACT yearlings, risultati ufficiali",113,MARJON,READLY EXPRESS,7000,no,nessun acquirente,https://www.gaet.it/notizie/daily/asta-anact-risultati-ufficiali
"Asta ANACT yearlings, risultati ufficiali",155,MORGAN D'ARC,SIX PACK,7000,si,,https://www.gaet.it/notizie/daily/asta-anact-risultati-ufficiali
"Asta ANACT yearlings, risultati ufficiali",127,MONEY CASH,VICTOR FERM,7000,no,nessun acquirente,https://www.gaet.it/notizie/daily/asta-anact-risultati-ufficiali
"Asta ANACT yearlings, risultati ufficiali",76,MARYLIN SM,ALRAJAH ONE,6000,no,nessun acquirente,https://www.gaet.it/notizie/daily/asta-anact-risultati-ufficiali
"Asta ANACT yearlings, risultati ufficiali",100,MINOU DI POGGIO,VALZER DI POGGIO,6000,si,,https://www.gaet.it/notizie/daily/asta-anact-risultati-ufficiali
"Asta ANACT yearlings, risultati ufficiali",14,ME'LODIE JET,OASIS BI,6000,si,,https://www.gaet.it/notizie/daily/asta-anact-risultati-ufficiali
"Asta ANACT yearlings, risultati ufficiali",79,MISSING HOME,EL IDEAL,6000,si,,https://www.gaet.it/notizie/daily/asta-anact-risultati-ufficiali
"Asta ANACT yearlings, risultati ufficiali",105,MIRO',SCEICCO,6000,si,,https://www.gaet.it/notizie/daily/asta-anact-risultati-ufficiali
"Asta ANACT yearlings, risultati ufficiali",59,MARA DI GIRIFALCO,SIX PACK,6000,si,,https://www.gaet.it/notizie/daily/asta-anact-risultati-ufficiali
"Asta ANACT yearlings, risultati ufficiali",134,MILLYON,EL IDEAL,6000,si,,https://www.gaet.it/notizie/daily/asta-anact-risultati-ufficiali
"Asta ANACT yearlings, risultati ufficiali",35,MON AMOUR T,ZACCARIA BAR,6000,si,,https://www.gaet.it/notizie/daily/asta-anact-risultati-ufficiali
"Asta ANACT yearlings, risultati ufficiali",7,MARLENE MAIL,VITRUVIO,5000,si,,https://www.gaet.it/notizie/daily/asta-anact-risultati-ufficiali
"Asta ANACT yearlings, risultati ufficiali",131,MADIBA FONT,ZACCARIA BAR,5000,si,,https://www.gaet.it/notizie/daily/asta-anact-risultati-ufficiali
"Asta ANACT yearlings, risultati ufficiali",78,MITICA LAKSMY,DONATO HANOVER,5000,si,,https://www.gaet.it/notizie/daily/asta-anact-risultati-ufficiali
"Asta ANACT yearlings, risultati ufficiali",5,MY HOME,DONATO HANOVER,5000,si,,https://www.gaet.it/notizie/daily/asta-anact-risultati-ufficiali
"Asta ANACT yearlings, risultati ufficiali",83,MITHYCAL VICTORY,ZACCARIA BAR,5000,si,,https://www.gaet.it/notizie/daily/asta-anact-risultati-ufficiali
"Asta ANACT yearlings, risultati ufficiali",48,MAGICA CAS,AMON YOU SM,5000,si,,https://www.gaet.it/notizie/daily/asta-anact-risultati-ufficiali
"Asta ANACT yearlings, risultati ufficiali",98,MARY JO FMF,SOUTHWIND FRANK,5000,no,nessun acquirente,https://www.gaet.it/notizie/daily/asta-anact-risultati-ufficiali
"Asta ANACT yearlings, risultati ufficiali",55,MADISON VIMAR,AMBASSADOR HANOVER,5000,si,,https://www.gaet.it/notizie/daily/asta-anact-risultati-ufficiali
"Asta ANACT yearlings, risultati ufficiali",45,MINERVA MAIL,RINGOSTARR TREB,4000,si,,https://www.gaet.it/notizie/daily/asta-anact-risultati-ufficiali
"Asta ANACT yearlings, risultati ufficiali",106,MASK BIG LAKSMY,GREEN MANALISHI,4000,no,nessun acquirente,https://www.gaet.it/notizie/daily/asta-anact-risultati-ufficiali
"Asta ANACT yearlings, risultati ufficiali",115,MORGANA AV,ALRAJAH ONE,4000,no,nessun acquirente,https://www.gaet.it/notizie/daily/asta-anact-risultati-ufficiali
"Asta ANACT yearlings, risultati ufficiali",47,MERCEDES,VITRUVIO,3000,no,nessun acquirente,https://www.gaet.it/notizie/daily/asta-anact-risultati-ufficiali
"Asta ANACT yearlings, risultati ufficiali",85,MAGICWINNER MGR,AMBASSADOR HANOVER,3000,si,,https://www.gaet.it/notizie/daily/asta-anact-risultati-ufficiali
"Asta ANACT yearlings, risultati ufficiali",32,MIKE MGR,VILLIAM,3000,si,,https://www.gaet.it/notizie/daily/asta-anact-risultati-ufficiali
